resource_utilization_id,week,department_name,resource_type,resource_category,total_units_available,units_in_use,utilization_rate_pct
RES-00001,1,emergency,doctor,staff,8,8,100.0
RES-00002,1,emergency,nurse,staff,22,18,81.8
RES-00003,1,emergency,nursing_assistant,staff,9,9,100.0
RES-00004,1,general_medicine,doctor,staff,5,5,100.0
RES-00005,1,general_medicine,nurse,staff,16,15,93.8
RES-00006,1,general_medicine,nursing_assistant,staff,7,7,100.0
RES-00007,1,icu,doctor,staff,6,6,100.0
RES-00008,1,icu,nurse,staff,19,17,89.5
RES-00009,1,icu,nursing_assistant,staff,9,8,88.9
RES-00010,1,surgery,doctor,staff,3,3,100.0
RES-00011,1,surgery,nurse,staff,16,15,93.8
RES-00012,1,surgery,nursing_assistant,staff,6,5,83.3
RES-00013,2,emergency,doctor,staff,8,8,100.0
RES-00014,2,emergency,nurse,staff,22,21,95.5
RES-00015,2,emergency,nursing_assistant,staff,9,8,88.9
RES-00016,2,general_medicine,doctor,staff,5,5,100.0
RES-00017,2,general_medicine,nurse,staff,16,14,87.5
RES-00018,2,general_medicine,nursing_assistant,staff,7,6,85.7
RES-00019,2,icu,doctor,staff,6,6,100.0
RES-00020,2,icu,nurse,staff,19,17,89.5
RES-00021,2,icu,nursing_assistant,staff,9,7,77.8
RES-00022,2,surgery,doctor,staff,3,3,100.0
RES-00023,2,surgery,nurse,staff,16,15,93.8
RES-00024,2,surgery,nursing_assistant,staff,6,5,83.3
RES-00025,4,emergency,doctor,staff,8,7,87.5
RES-00026,4,emergency,nurse,staff,22,21,95.5
RES-00027,4,emergency,nursing_assistant,staff,9,8,88.9
RES-00028,4,general_medicine,doctor,staff,5,4,80.0
RES-00029,4,general_medicine,nurse,staff,16,13,81.2
RES-00030,4,general_medicine,nursing_assistant,staff,7,5,71.4
RES-00031,4,icu,doctor,staff,6,5,83.3
RES-00032,4,icu,nurse,staff,19,16,84.2
RES-00033,4,icu,nursing_assistant,staff,9,8,88.9
RES-00034,4,surgery,doctor,staff,3,3,100.0
RES-00035,4,surgery,nurse,staff,16,13,81.2
RES-00036,4,surgery,nursing_assistant,staff,6,4,66.7
RES-00037,5,emergency,doctor,staff,8,7,87.5
RES-00038,5,emergency,nurse,staff,22,20,90.9
RES-00039,5,emergency,nursing_assistant,staff,9,8,88.9
RES-00040,5,general_medicine,doctor,staff,5,5,100.0
RES-00041,5,general_medicine,nurse,staff,16,11,68.8
RES-00042,5,general_medicine,nursing_assistant,staff,7,7,100.0
RES-00043,5,icu,doctor,staff,6,5,83.3
RES-00044,5,icu,nurse,staff,19,15,78.9
RES-00045,5,icu,nursing_assistant,staff,9,8,88.9
RES-00046,5,surgery,doctor,staff,3,3,100.0
RES-00047,5,surgery,nurse,staff,16,14,87.5
RES-00048,5,surgery,nursing_assistant,staff,6,5,83.3
RES-00049,7,emergency,doctor,staff,8,7,87.5
RES-00050,7,emergency,nurse,staff,22,21,95.5
RES-00051,7,emergency,nursing_assistant,staff,9,7,77.8
RES-00052,7,general_medicine,doctor,staff,5,4,80.0
RES-00053,7,general_medicine,nurse,staff,16,16,100.0
RES-00054,7,general_medicine,nursing_assistant,staff,7,6,85.7
RES-00055,7,icu,doctor,staff,6,5,83.3
RES-00056,7,icu,nurse,staff,19,17,89.5
RES-00057,7,icu,nursing_assistant,staff,9,8,88.9
RES-00058,7,surgery,doctor,staff,3,3,100.0
RES-00059,7,surgery,nurse,staff,16,15,93.8
RES-00060,7,surgery,nursing_assistant,staff,6,6,100.0
RES-00061,8,emergency,doctor,staff,8,8,100.0
RES-00062,8,emergency,nurse,staff,22,19,86.4
RES-00063,8,emergency,nursing_assistant,staff,9,9,100.0
RES-00064,8,general_medicine,doctor,staff,5,4,80.0
RES-00065,8,general_medicine,nurse,staff,16,15,93.8
RES-00066,8,general_medicine,nursing_assistant,staff,7,6,85.7
RES-00067,8,icu,doctor,staff,6,5,83.3
RES-00068,8,icu,nurse,staff,19,15,78.9
RES-00069,8,icu,nursing_assistant,staff,9,8,88.9
RES-00070,8,surgery,doctor,staff,3,2,66.7
RES-00071,8,surgery,nurse,staff,16,13,81.2
RES-00072,8,surgery,nursing_assistant,staff,6,5,83.3
RES-00073,10,emergency,doctor,staff,8,6,75.0
RES-00074,10,emergency,nurse,staff,22,21,95.5
RES-00075,10,emergency,nursing_assistant,staff,9,8,88.9
RES-00076,10,general_medicine,doctor,staff,5,5,100.0
RES-00077,10,general_medicine,nurse,staff,16,13,81.2
RES-00078,10,general_medicine,nursing_assistant,staff,7,7,100.0
RES-00079,10,icu,doctor,staff,6,5,83.3
RES-00080,10,icu,nurse,staff,19,18,94.7
RES-00081,10,icu,nursing_assistant,staff,9,8,88.9
RES-00082,10,surgery,doctor,staff,3,3,100.0
RES-00083,10,surgery,nurse,staff,16,12,75.0
RES-00084,10,surgery,nursing_assistant,staff,6,6,100.0
RES-00085,11,emergency,doctor,staff,8,8,100.0
RES-00086,11,emergency,nurse,staff,22,19,86.4
RES-00087,11,emergency,nursing_assistant,staff,9,7,77.8
RES-00088,11,general_medicine,doctor,staff,5,5,100.0
RES-00089,11,general_medicine,nurse,staff,16,12,75.0
RES-00090,11,general_medicine,nursing_assistant,staff,7,5,71.4
RES-00091,11,icu,doctor,staff,6,4,66.7
RES-00092,11,icu,nurse,staff,19,18,94.7
RES-00093,11,icu,nursing_assistant,staff,9,9,100.0
RES-00094,11,surgery,doctor,staff,3,3,100.0
RES-00095,11,surgery,nurse,staff,16,14,87.5
RES-00096,11,surgery,nursing_assistant,staff,6,6,100.0
RES-00097,13,emergency,doctor,staff,8,4,50.0
RES-00098,13,emergency,nurse,staff,22,21,95.5
RES-00099,13,emergency,nursing_assistant,staff,9,9,100.0
RES-00100,13,general_medicine,doctor,staff,5,5,100.0
RES-00101,13,general_medicine,nurse,staff,16,14,87.5
RES-00102,13,general_medicine,nursing_assistant,staff,7,7,100.0
RES-00103,13,icu,doctor,staff,6,6,100.0
RES-00104,13,icu,nurse,staff,19,16,84.2
RES-00105,13,icu,nursing_assistant,staff,9,5,55.6
RES-00106,13,surgery,doctor,staff,3,2,66.7
RES-00107,13,surgery,nurse,staff,16,14,87.5
RES-00108,13,surgery,nursing_assistant,staff,6,4,66.7
RES-00109,14,emergency,doctor,staff,8,6,75.0
RES-00110,14,emergency,nurse,staff,22,15,68.2
RES-00111,14,emergency,nursing_assistant,staff,9,8,88.9
RES-00112,14,general_medicine,doctor,staff,5,3,60.0
RES-00113,14,general_medicine,nurse,staff,16,12,75.0
RES-00114,14,general_medicine,nursing_assistant,staff,7,7,100.0
RES-00115,14,icu,doctor,staff,6,3,50.0
RES-00116,14,icu,nurse,staff,19,19,100.0
RES-00117,14,icu,nursing_assistant,staff,9,9,100.0
RES-00118,14,surgery,doctor,staff,3,3,100.0
RES-00119,14,surgery,nurse,staff,16,14,87.5
RES-00120,14,surgery,nursing_assistant,staff,6,5,83.3
RES-00121,16,emergency,doctor,staff,8,7,87.5
RES-00122,16,emergency,nurse,staff,22,21,95.5
RES-00123,16,emergency,nursing_assistant,staff,9,8,88.9
RES-00124,16,general_medicine,doctor,staff,5,5,100.0
RES-00125,16,general_medicine,nurse,staff,16,14,87.5
RES-00126,16,general_medicine,nursing_assistant,staff,7,7,100.0
RES-00127,16,icu,doctor,staff,6,5,83.3
RES-00128,16,icu,nurse,staff,19,14,73.7
RES-00129,16,icu,nursing_assistant,staff,9,9,100.0
RES-00130,16,surgery,doctor,staff,3,3,100.0
RES-00131,16,surgery,nurse,staff,16,14,87.5
RES-00132,16,surgery,nursing_assistant,staff,6,6,100.0
RES-00133,17,emergency,doctor,staff,8,8,100.0
RES-00134,17,emergency,nurse,staff,22,21,95.5
RES-00135,17,emergency,nursing_assistant,staff,9,8,88.9
RES-00136,17,general_medicine,doctor,staff,5,5,100.0
RES-00137,17,general_medicine,nurse,staff,16,14,87.5
RES-00138,17,general_medicine,nursing_assistant,staff,7,6,85.7
RES-00139,17,icu,doctor,staff,6,4,66.7
RES-00140,17,icu,nurse,staff,19,16,84.2
RES-00141,17,icu,nursing_assistant,staff,9,7,77.8
RES-00142,17,surgery,doctor,staff,3,2,66.7
RES-00143,17,surgery,nurse,staff,16,13,81.2
RES-00144,17,surgery,nursing_assistant,staff,6,6,100.0
RES-00145,19,emergency,doctor,staff,8,7,87.5
RES-00146,19,emergency,nurse,staff,22,20,90.9
RES-00147,19,emergency,nursing_assistant,staff,9,8,88.9
RES-00148,19,general_medicine,doctor,staff,5,5,100.0
RES-00149,19,general_medicine,nurse,staff,16,14,87.5
RES-00150,19,general_medicine,nursing_assistant,staff,7,7,100.0
RES-00151,19,icu,doctor,staff,6,6,100.0
RES-00152,19,icu,nurse,staff,19,19,100.0
RES-00153,19,icu,nursing_assistant,staff,9,9,100.0
RES-00154,19,surgery,doctor,staff,3,3,100.0
RES-00155,19,surgery,nurse,staff,16,15,93.8
RES-00156,19,surgery,nursing_assistant,staff,6,5,83.3
RES-00157,20,emergency,doctor,staff,8,7,87.5
RES-00158,20,emergency,nurse,staff,22,21,95.5
RES-00159,20,emergency,nursing_assistant,staff,9,9,100.0
RES-00160,20,general_medicine,doctor,staff,5,5,100.0
RES-00161,20,general_medicine,nurse,staff,16,15,93.8
RES-00162,20,general_medicine,nursing_assistant,staff,7,4,57.1
RES-00163,20,icu,doctor,staff,6,5,83.3
RES-00164,20,icu,nurse,staff,19,17,89.5
RES-00165,20,icu,nursing_assistant,staff,9,9,100.0
RES-00166,20,surgery,doctor,staff,3,3,100.0
RES-00167,20,surgery,nurse,staff,16,15,93.8
RES-00168,20,surgery,nursing_assistant,staff,6,5,83.3
RES-00169,22,emergency,doctor,staff,8,7,87.5
RES-00170,22,emergency,nurse,staff,22,20,90.9
RES-00171,22,emergency,nursing_assistant,staff,9,9,100.0
RES-00172,22,general_medicine,doctor,staff,5,5,100.0
RES-00173,22,general_medicine,nurse,staff,16,12,75.0
RES-00174,22,general_medicine,nursing_assistant,staff,7,7,100.0
RES-00175,22,icu,doctor,staff,6,6,100.0
RES-00176,22,icu,nurse,staff,19,18,94.7
RES-00177,22,icu,nursing_assistant,staff,9,9,100.0
RES-00178,22,surgery,doctor,staff,3,3,100.0
RES-00179,22,surgery,nurse,staff,16,14,87.5
RES-00180,22,surgery,nursing_assistant,staff,6,5,83.3
RES-00181,23,emergency,doctor,staff,8,7,87.5
RES-00182,23,emergency,nurse,staff,22,20,90.9
RES-00183,23,emergency,nursing_assistant,staff,9,8,88.9
RES-00184,23,general_medicine,doctor,staff,5,4,80.0
RES-00185,23,general_medicine,nurse,staff,16,15,93.8
RES-00186,23,general_medicine,nursing_assistant,staff,7,7,100.0
RES-00187,23,icu,doctor,staff,6,6,100.0
RES-00188,23,icu,nurse,staff,19,19,100.0
RES-00189,23,icu,nursing_assistant,staff,9,8,88.9
RES-00190,23,surgery,doctor,staff,3,2,66.7
RES-00191,23,surgery,nurse,staff,16,16,100.0
RES-00192,23,surgery,nursing_assistant,staff,6,5,83.3
RES-00193,25,emergency,doctor,staff,8,6,75.0
RES-00194,25,emergency,nurse,staff,22,21,95.5
RES-00195,25,emergency,nursing_assistant,staff,9,9,100.0
RES-00196,25,general_medicine,doctor,staff,5,4,80.0
RES-00197,25,general_medicine,nurse,staff,16,15,93.8
RES-00198,25,general_medicine,nursing_assistant,staff,7,5,71.4
RES-00199,25,icu,doctor,staff,6,6,100.0
RES-00200,25,icu,nurse,staff,19,14,73.7
RES-00201,25,icu,nursing_assistant,staff,9,8,88.9
RES-00202,25,surgery,doctor,staff,3,3,100.0
RES-00203,25,surgery,nurse,staff,16,16,100.0
RES-00204,25,surgery,nursing_assistant,staff,6,4,66.7
RES-00205,26,emergency,doctor,staff,8,8,100.0
RES-00206,26,emergency,nurse,staff,22,20,90.9
RES-00207,26,emergency,nursing_assistant,staff,9,8,88.9
RES-00208,26,general_medicine,doctor,staff,5,4,80.0
RES-00209,26,general_medicine,nurse,staff,16,15,93.8
RES-00210,26,general_medicine,nursing_assistant,staff,7,6,85.7
RES-00211,26,icu,doctor,staff,6,6,100.0
RES-00212,26,icu,nurse,staff,19,18,94.7
RES-00213,26,icu,nursing_assistant,staff,9,9,100.0
RES-00214,26,surgery,doctor,staff,3,3,100.0
RES-00215,26,surgery,nurse,staff,16,16,100.0
RES-00216,26,surgery,nursing_assistant,staff,6,6,100.0
RES-00217,28,emergency,doctor,staff,8,7,87.5
RES-00218,28,emergency,nurse,staff,22,20,90.9
RES-00219,28,emergency,nursing_assistant,staff,9,9,100.0
RES-00220,28,general_medicine,doctor,staff,5,3,60.0
RES-00221,28,general_medicine,nurse,staff,16,16,100.0
RES-00222,28,general_medicine,nursing_assistant,staff,7,7,100.0
RES-00223,28,icu,doctor,staff,6,4,66.7
RES-00224,28,icu,nurse,staff,19,18,94.7
RES-00225,28,icu,nursing_assistant,staff,9,8,88.9
RES-00226,28,surgery,doctor,staff,3,2,66.7
RES-00227,28,surgery,nurse,staff,16,16,100.0
RES-00228,28,surgery,nursing_assistant,staff,6,6,100.0
RES-00229,29,emergency,doctor,staff,8,6,75.0
RES-00230,29,emergency,nurse,staff,22,20,90.9
RES-00231,29,emergency,nursing_assistant,staff,9,6,66.7
RES-00232,29,general_medicine,doctor,staff,5,4,80.0
RES-00233,29,general_medicine,nurse,staff,16,16,100.0
RES-00234,29,general_medicine,nursing_assistant,staff,7,6,85.7
RES-00235,29,icu,doctor,staff,6,6,100.0
RES-00236,29,icu,nurse,staff,19,18,94.7
RES-00237,29,icu,nursing_assistant,staff,9,9,100.0
RES-00238,29,surgery,doctor,staff,3,3,100.0
RES-00239,29,surgery,nurse,staff,16,15,93.8
RES-00240,29,surgery,nursing_assistant,staff,6,6,100.0
RES-00241,31,emergency,doctor,staff,8,5,62.5
RES-00242,31,emergency,nurse,staff,22,20,90.9
RES-00243,31,emergency,nursing_assistant,staff,9,7,77.8
RES-00244,31,general_medicine,doctor,staff,5,4,80.0
RES-00245,31,general_medicine,nurse,staff,16,13,81.2
RES-00246,31,general_medicine,nursing_assistant,staff,7,7,100.0
RES-00247,31,icu,doctor,staff,6,6,100.0
RES-00248,31,icu,nurse,staff,19,17,89.5
RES-00249,31,icu,nursing_assistant,staff,9,8,88.9
RES-00250,31,surgery,doctor,staff,3,3,100.0
RES-00251,31,surgery,nurse,staff,16,12,75.0
RES-00252,31,surgery,nursing_assistant,staff,6,6,100.0
RES-00253,32,emergency,doctor,staff,8,8,100.0
RES-00254,32,emergency,nurse,staff,22,16,72.7
RES-00255,32,emergency,nursing_assistant,staff,9,9,100.0
RES-00256,32,general_medicine,doctor,staff,5,4,80.0
RES-00257,32,general_medicine,nurse,staff,16,14,87.5
RES-00258,32,general_medicine,nursing_assistant,staff,7,7,100.0
RES-00259,32,icu,doctor,staff,6,6,100.0
RES-00260,32,icu,nurse,staff,19,17,89.5
RES-00261,32,icu,nursing_assistant,staff,9,7,77.8
RES-00262,32,surgery,doctor,staff,3,2,66.7
RES-00263,32,surgery,nurse,staff,16,16,100.0
RES-00264,32,surgery,nursing_assistant,staff,6,5,83.3
RES-00265,34,emergency,doctor,staff,8,5,62.5
RES-00266,34,emergency,nurse,staff,22,19,86.4
RES-00267,34,emergency,nursing_assistant,staff,9,7,77.8
RES-00268,34,general_medicine,doctor,staff,5,5,100.0
RES-00269,34,general_medicine,nurse,staff,16,15,93.8
RES-00270,34,general_medicine,nursing_assistant,staff,7,7,100.0
RES-00271,34,icu,doctor,staff,6,6,100.0
RES-00272,34,icu,nurse,staff,19,17,89.5
RES-00273,34,icu,nursing_assistant,staff,9,8,88.9
RES-00274,34,surgery,doctor,staff,3,2,66.7
RES-00275,34,surgery,nurse,staff,16,15,93.8
RES-00276,34,surgery,nursing_assistant,staff,6,6,100.0
RES-00277,35,emergency,doctor,staff,8,7,87.5
RES-00278,35,emergency,nurse,staff,22,18,81.8
RES-00279,35,emergency,nursing_assistant,staff,9,9,100.0
RES-00280,35,general_medicine,doctor,staff,5,3,60.0
RES-00281,35,general_medicine,nurse,staff,16,13,81.2
RES-00282,35,general_medicine,nursing_assistant,staff,7,6,85.7
RES-00283,35,icu,doctor,staff,6,6,100.0
RES-00284,35,icu,nurse,staff,19,17,89.5
RES-00285,35,icu,nursing_assistant,staff,9,8,88.9
RES-00286,35,surgery,doctor,staff,3,3,100.0
RES-00287,35,surgery,nurse,staff,16,14,87.5
RES-00288,35,surgery,nursing_assistant,staff,6,5,83.3
RES-00289,37,emergency,doctor,staff,8,6,75.0
RES-00290,37,emergency,nurse,staff,22,21,95.5
RES-00291,37,emergency,nursing_assistant,staff,9,8,88.9
RES-00292,37,general_medicine,doctor,staff,5,5,100.0
RES-00293,37,general_medicine,nurse,staff,16,14,87.5
RES-00294,37,general_medicine,nursing_assistant,staff,7,7,100.0
RES-00295,37,icu,doctor,staff,6,4,66.7
RES-00296,37,icu,nurse,staff,19,14,73.7
RES-00297,37,icu,nursing_assistant,staff,9,8,88.9
RES-00298,37,surgery,doctor,staff,3,3,100.0
RES-00299,37,surgery,nurse,staff,16,15,93.8
RES-00300,37,surgery,nursing_assistant,staff,6,6,100.0
RES-00301,38,emergency,doctor,staff,8,5,62.5
RES-00302,38,emergency,nurse,staff,22,22,100.0
RES-00303,38,emergency,nursing_assistant,staff,9,8,88.9
RES-00304,38,general_medicine,doctor,staff,5,4,80.0
RES-00305,38,general_medicine,nurse,staff,16,15,93.8
RES-00306,38,general_medicine,nursing_assistant,staff,7,7,100.0
RES-00307,38,icu,doctor,staff,6,6,100.0
RES-00308,38,icu,nurse,staff,19,19,100.0
RES-00309,38,icu,nursing_assistant,staff,9,8,88.9
RES-00310,38,surgery,doctor,staff,3,3,100.0
RES-00311,38,surgery,nurse,staff,16,13,81.2
RES-00312,38,surgery,nursing_assistant,staff,6,6,100.0
RES-00313,40,emergency,doctor,staff,8,8,100.0
RES-00314,40,emergency,nurse,staff,22,20,90.9
RES-00315,40,emergency,nursing_assistant,staff,9,8,88.9
RES-00316,40,general_medicine,doctor,staff,5,4,80.0
RES-00317,40,general_medicine,nurse,staff,16,14,87.5
RES-00318,40,general_medicine,nursing_assistant,staff,7,5,71.4
RES-00319,40,icu,doctor,staff,6,6,100.0
RES-00320,40,icu,nurse,staff,19,14,73.7
RES-00321,40,icu,nursing_assistant,staff,9,8,88.9
RES-00322,40,surgery,doctor,staff,3,3,100.0
RES-00323,40,surgery,nurse,staff,16,14,87.5
RES-00324,40,surgery,nursing_assistant,staff,6,6,100.0
RES-00325,41,emergency,doctor,staff,8,8,100.0
RES-00326,41,emergency,nurse,staff,22,21,95.5
RES-00327,41,emergency,nursing_assistant,staff,9,8,88.9
RES-00328,41,general_medicine,doctor,staff,5,5,100.0
RES-00329,41,general_medicine,nurse,staff,16,16,100.0
RES-00330,41,general_medicine,nursing_assistant,staff,7,5,71.4
RES-00331,41,icu,doctor,staff,6,5,83.3
RES-00332,41,icu,nurse,staff,19,18,94.7
RES-00333,41,icu,nursing_assistant,staff,9,8,88.9
RES-00334,41,surgery,doctor,staff,3,3,100.0
RES-00335,41,surgery,nurse,staff,16,15,93.8
RES-00336,41,surgery,nursing_assistant,staff,6,6,100.0
RES-00337,43,emergency,doctor,staff,8,8,100.0
RES-00338,43,emergency,nurse,staff,22,19,86.4
RES-00339,43,emergency,nursing_assistant,staff,9,8,88.9
RES-00340,43,general_medicine,doctor,staff,5,4,80.0
RES-00341,43,general_medicine,nurse,staff,16,15,93.8
RES-00342,43,general_medicine,nursing_assistant,staff,7,7,100.0
RES-00343,43,icu,doctor,staff,6,6,100.0
RES-00344,43,icu,nurse,staff,19,18,94.7
RES-00345,43,icu,nursing_assistant,staff,9,8,88.9
RES-00346,43,surgery,doctor,staff,3,3,100.0
RES-00347,43,surgery,nurse,staff,16,11,68.8
RES-00348,43,surgery,nursing_assistant,staff,6,5,83.3
RES-00349,44,emergency,doctor,staff,8,8,100.0
RES-00350,44,emergency,nurse,staff,22,19,86.4
RES-00351,44,emergency,nursing_assistant,staff,9,9,100.0
RES-00352,44,general_medicine,doctor,staff,5,3,60.0
RES-00353,44,general_medicine,nurse,staff,16,13,81.2
RES-00354,44,general_medicine,nursing_assistant,staff,7,6,85.7
RES-00355,44,icu,doctor,staff,6,6,100.0
RES-00356,44,icu,nurse,staff,19,19,100.0
RES-00357,44,icu,nursing_assistant,staff,9,9,100.0
RES-00358,44,surgery,doctor,staff,3,2,66.7
RES-00359,44,surgery,nurse,staff,16,14,87.5
RES-00360,44,surgery,nursing_assistant,staff,6,4,66.7
RES-00361,46,emergency,doctor,staff,8,7,87.5
RES-00362,46,emergency,nurse,staff,22,18,81.8
RES-00363,46,emergency,nursing_assistant,staff,9,6,66.7
RES-00364,46,general_medicine,doctor,staff,5,3,60.0
RES-00365,46,general_medicine,nurse,staff,16,15,93.8
RES-00366,46,general_medicine,nursing_assistant,staff,7,6,85.7
RES-00367,46,icu,doctor,staff,6,6,100.0
RES-00368,46,icu,nurse,staff,19,17,89.5
RES-00369,46,icu,nursing_assistant,staff,9,7,77.8
RES-00370,46,surgery,doctor,staff,3,3,100.0
RES-00371,46,surgery,nurse,staff,16,16,100.0
RES-00372,46,surgery,nursing_assistant,staff,6,5,83.3
RES-00373,47,emergency,doctor,staff,8,7,87.5
RES-00374,47,emergency,nurse,staff,22,21,95.5
RES-00375,47,emergency,nursing_assistant,staff,9,9,100.0
RES-00376,47,general_medicine,doctor,staff,5,4,80.0
RES-00377,47,general_medicine,nurse,staff,16,12,75.0
RES-00378,47,general_medicine,nursing_assistant,staff,7,6,85.7
RES-00379,47,icu,doctor,staff,6,4,66.7
RES-00380,47,icu,nurse,staff,19,17,89.5
RES-00381,47,icu,nursing_assistant,staff,9,8,88.9
RES-00382,47,surgery,doctor,staff,3,3,100.0
RES-00383,47,surgery,nurse,staff,16,15,93.8
RES-00384,47,surgery,nursing_assistant,staff,6,6,100.0
RES-00385,49,emergency,doctor,staff,8,8,100.0
RES-00386,49,emergency,nurse,staff,22,21,95.5
RES-00387,49,emergency,nursing_assistant,staff,9,8,88.9
RES-00388,49,general_medicine,doctor,staff,5,5,100.0
RES-00389,49,general_medicine,nurse,staff,16,14,87.5
RES-00390,49,general_medicine,nursing_assistant,staff,7,6,85.7
RES-00391,49,icu,doctor,staff,6,5,83.3
RES-00392,49,icu,nurse,staff,19,18,94.7
RES-00393,49,icu,nursing_assistant,staff,9,9,100.0
RES-00394,49,surgery,doctor,staff,3,3,100.0
RES-00395,49,surgery,nurse,staff,16,15,93.8
RES-00396,49,surgery,nursing_assistant,staff,6,6,100.0
RES-00397,50,emergency,doctor,staff,8,8,100.0
RES-00398,50,emergency,nurse,staff,22,21,95.5
RES-00399,50,emergency,nursing_assistant,staff,9,9,100.0
RES-00400,50,general_medicine,doctor,staff,5,5,100.0
RES-00401,50,general_medicine,nurse,staff,16,13,81.2
RES-00402,50,general_medicine,nursing_assistant,staff,7,5,71.4
RES-00403,50,icu,doctor,staff,6,4,66.7
RES-00404,50,icu,nurse,staff,19,18,94.7
RES-00405,50,icu,nursing_assistant,staff,9,8,88.9
RES-00406,50,surgery,doctor,staff,3,3,100.0
RES-00407,50,surgery,nurse,staff,16,14,87.5
RES-00408,50,surgery,nursing_assistant,staff,6,4,66.7
RES-00409,52,emergency,doctor,staff,8,8,100.0
RES-00410,52,emergency,nurse,staff,22,19,86.4
RES-00411,52,emergency,nursing_assistant,staff,9,9,100.0
RES-00412,52,general_medicine,doctor,staff,5,4,80.0
RES-00413,52,general_medicine,nurse,staff,16,12,75.0
RES-00414,52,general_medicine,nursing_assistant,staff,7,7,100.0
RES-00415,52,icu,doctor,staff,6,5,83.3
RES-00416,52,icu,nurse,staff,19,18,94.7
RES-00417,52,icu,nursing_assistant,staff,9,6,66.7
RES-00418,52,surgery,doctor,staff,3,2,66.7
RES-00419,52,surgery,nurse,staff,16,13,81.2
RES-00420,52,surgery,nursing_assistant,staff,6,5,83.3
RES-00421,1,emergency,bed,bed,32,32,100.0
RES-00422,1,surgery,bed,bed,45,45,100.0
RES-00423,1,general_medicine,bed,bed,37,37,100.0
RES-00424,1,icu,bed,bed,22,22,100.0
RES-00425,2,emergency,bed,bed,28,28,100.0
RES-00426,2,surgery,bed,bed,40,26,65.0
RES-00427,2,general_medicine,bed,bed,43,43,100.0
RES-00428,2,icu,bed,bed,16,7,43.8
RES-00429,3,emergency,bed,bed,32,32,100.0
RES-00430,3,surgery,bed,bed,27,27,100.0
RES-00431,3,general_medicine,bed,bed,37,37,100.0
RES-00432,3,icu,bed,bed,20,20,100.0
RES-00433,4,emergency,bed,bed,32,32,100.0
RES-00434,4,surgery,bed,bed,56,56,100.0
RES-00435,4,general_medicine,bed,bed,43,43,100.0
RES-00436,4,icu,bed,bed,20,20,100.0
RES-00437,5,emergency,bed,bed,25,25,100.0
RES-00438,5,surgery,bed,bed,26,26,100.0
RES-00439,5,general_medicine,bed,bed,40,40,100.0
RES-00440,5,icu,bed,bed,22,13,59.1
RES-00441,6,emergency,bed,bed,34,34,100.0
RES-00442,6,surgery,bed,bed,27,27,100.0
RES-00443,6,general_medicine,bed,bed,69,69,100.0
RES-00444,6,icu,bed,bed,14,12,85.7
RES-00445,7,emergency,bed,bed,33,33,100.0
RES-00446,7,surgery,bed,bed,37,37,100.0
RES-00447,7,general_medicine,bed,bed,62,62,100.0
RES-00448,7,icu,bed,bed,21,21,100.0
RES-00449,8,emergency,bed,bed,26,26,100.0
RES-00450,8,surgery,bed,bed,51,20,39.2
RES-00451,8,general_medicine,bed,bed,58,58,100.0
RES-00452,8,icu,bed,bed,12,10,83.3
RES-00453,9,emergency,bed,bed,28,28,100.0
RES-00454,9,surgery,bed,bed,22,22,100.0
RES-00455,9,general_medicine,bed,bed,38,38,100.0
RES-00456,9,icu,bed,bed,11,11,100.0
RES-00457,10,emergency,bed,bed,17,17,100.0
RES-00458,10,surgery,bed,bed,38,38,100.0
RES-00459,10,general_medicine,bed,bed,35,35,100.0
RES-00460,10,icu,bed,bed,13,8,61.5
RES-00461,11,emergency,bed,bed,16,16,100.0
RES-00462,11,surgery,bed,bed,48,48,100.0
RES-00463,11,general_medicine,bed,bed,35,35,100.0
RES-00464,11,icu,bed,bed,14,14,100.0
RES-00465,12,emergency,bed,bed,28,28,100.0
RES-00466,12,surgery,bed,bed,38,24,63.2
RES-00467,12,general_medicine,bed,bed,33,33,100.0
RES-00468,12,icu,bed,bed,16,13,81.2
RES-00469,13,emergency,bed,bed,23,23,100.0
RES-00470,13,surgery,bed,bed,41,41,100.0
RES-00471,13,general_medicine,bed,bed,33,33,100.0
RES-00472,13,icu,bed,bed,17,12,70.6
RES-00473,14,emergency,bed,bed,15,15,100.0
RES-00474,14,surgery,bed,bed,33,33,100.0
RES-00475,14,general_medicine,bed,bed,51,47,92.2
RES-00476,14,icu,bed,bed,10,10,100.0
RES-00477,15,emergency,bed,bed,17,17,100.0
RES-00478,15,surgery,bed,bed,31,31,100.0
RES-00479,15,general_medicine,bed,bed,53,53,100.0
RES-00480,15,icu,bed,bed,14,11,78.6
RES-00481,16,emergency,bed,bed,23,23,100.0
RES-00482,16,surgery,bed,bed,37,28,75.7
RES-00483,16,general_medicine,bed,bed,39,39,100.0
RES-00484,16,icu,bed,bed,18,15,83.3
RES-00485,17,emergency,bed,bed,21,21,100.0
RES-00486,17,surgery,bed,bed,40,23,57.5
RES-00487,17,general_medicine,bed,bed,33,33,100.0
RES-00488,17,icu,bed,bed,14,14,100.0
RES-00489,18,emergency,bed,bed,18,18,100.0
RES-00490,18,surgery,bed,bed,43,36,83.7
RES-00491,18,general_medicine,bed,bed,31,25,80.6
RES-00492,18,icu,bed,bed,12,9,75.0
RES-00493,19,emergency,bed,bed,16,16,100.0
RES-00494,19,surgery,bed,bed,42,42,100.0
RES-00495,19,general_medicine,bed,bed,43,43,100.0
RES-00496,19,icu,bed,bed,14,14,100.0
RES-00497,20,emergency,bed,bed,21,21,100.0
RES-00498,20,surgery,bed,bed,31,31,100.0
RES-00499,20,general_medicine,bed,bed,40,40,100.0
RES-00500,20,icu,bed,bed,10,10,100.0
RES-00501,21,emergency,bed,bed,18,18,100.0
RES-00502,21,surgery,bed,bed,30,30,100.0
RES-00503,21,general_medicine,bed,bed,45,45,100.0
RES-00504,21,icu,bed,bed,12,9,75.0
RES-00505,22,emergency,bed,bed,16,16,100.0
RES-00506,22,surgery,bed,bed,18,18,100.0
RES-00507,22,general_medicine,bed,bed,46,36,78.3
RES-00508,22,icu,bed,bed,9,6,66.7
RES-00509,23,emergency,bed,bed,22,22,100.0
RES-00510,23,surgery,bed,bed,26,26,100.0
RES-00511,23,general_medicine,bed,bed,27,27,100.0
RES-00512,23,icu,bed,bed,17,12,70.6
RES-00513,24,emergency,bed,bed,18,18,100.0
RES-00514,24,surgery,bed,bed,39,21,53.8
RES-00515,24,general_medicine,bed,bed,47,47,100.0
RES-00516,24,icu,bed,bed,9,9,100.0
RES-00517,25,emergency,bed,bed,15,15,100.0
RES-00518,25,surgery,bed,bed,22,22,100.0
RES-00519,25,general_medicine,bed,bed,36,36,100.0
RES-00520,25,icu,bed,bed,8,6,75.0
RES-00521,26,emergency,bed,bed,18,18,100.0
RES-00522,26,surgery,bed,bed,31,30,96.8
RES-00523,26,general_medicine,bed,bed,43,43,100.0
RES-00524,26,icu,bed,bed,14,8,57.1
RES-00525,27,emergency,bed,bed,15,15,100.0
RES-00526,27,surgery,bed,bed,29,24,82.8
RES-00527,27,general_medicine,bed,bed,36,36,100.0
RES-00528,27,icu,bed,bed,15,10,66.7
RES-00529,28,emergency,bed,bed,15,15,100.0
RES-00530,28,surgery,bed,bed,31,28,90.3
RES-00531,28,general_medicine,bed,bed,26,26,100.0
RES-00532,28,icu,bed,bed,12,8,66.7
RES-00533,29,emergency,bed,bed,16,16,100.0
RES-00534,29,surgery,bed,bed,36,31,86.1
RES-00535,29,general_medicine,bed,bed,30,30,100.0
RES-00536,29,icu,bed,bed,14,14,100.0
RES-00537,30,emergency,bed,bed,16,16,100.0
RES-00538,30,surgery,bed,bed,32,15,46.9
RES-00539,30,general_medicine,bed,bed,38,38,100.0
RES-00540,30,icu,bed,bed,8,7,87.5
RES-00541,31,emergency,bed,bed,20,20,100.0
RES-00542,31,surgery,bed,bed,20,20,100.0
RES-00543,31,general_medicine,bed,bed,45,45,100.0
RES-00544,31,icu,bed,bed,8,8,100.0
RES-00545,32,emergency,bed,bed,20,20,100.0
RES-00546,32,surgery,bed,bed,31,25,80.6
RES-00547,32,general_medicine,bed,bed,34,34,100.0
RES-00548,32,icu,bed,bed,11,11,100.0
RES-00549,33,emergency,bed,bed,28,28,100.0
RES-00550,33,surgery,bed,bed,36,30,83.3
RES-00551,33,general_medicine,bed,bed,51,51,100.0
RES-00552,33,icu,bed,bed,11,11,100.0
RES-00553,34,emergency,bed,bed,21,21,100.0
RES-00554,34,surgery,bed,bed,22,22,100.0
RES-00555,34,general_medicine,bed,bed,48,48,100.0
RES-00556,34,icu,bed,bed,10,7,70.0
RES-00557,35,emergency,bed,bed,15,15,100.0
RES-00558,35,surgery,bed,bed,26,26,100.0
RES-00559,35,general_medicine,bed,bed,41,40,97.6
RES-00560,35,icu,bed,bed,18,5,27.8
RES-00561,36,emergency,bed,bed,28,28,100.0
RES-00562,36,surgery,bed,bed,47,47,100.0
RES-00563,36,general_medicine,bed,bed,59,54,91.5
RES-00564,36,icu,bed,bed,15,5,33.3
RES-00565,37,emergency,bed,bed,23,23,100.0
RES-00566,37,surgery,bed,bed,31,31,100.0
RES-00567,37,general_medicine,bed,bed,58,48,82.8
RES-00568,37,icu,bed,bed,13,13,100.0
RES-00569,38,emergency,bed,bed,22,22,100.0
RES-00570,38,surgery,bed,bed,47,47,100.0
RES-00571,38,general_medicine,bed,bed,63,63,100.0
RES-00572,38,icu,bed,bed,20,18,90.0
RES-00573,39,emergency,bed,bed,20,20,100.0
RES-00574,39,surgery,bed,bed,36,36,100.0
RES-00575,39,general_medicine,bed,bed,48,48,100.0
RES-00576,39,icu,bed,bed,11,11,100.0
RES-00577,40,emergency,bed,bed,18,18,100.0
RES-00578,40,surgery,bed,bed,46,36,78.3
RES-00579,40,general_medicine,bed,bed,47,47,100.0
RES-00580,40,icu,bed,bed,12,12,100.0
RES-00581,41,emergency,bed,bed,27,27,100.0
RES-00582,41,surgery,bed,bed,31,31,100.0
RES-00583,41,general_medicine,bed,bed,50,50,100.0
RES-00584,41,icu,bed,bed,21,20,95.2
RES-00585,42,emergency,bed,bed,24,24,100.0
RES-00586,42,surgery,bed,bed,45,45,100.0
RES-00587,42,general_medicine,bed,bed,67,67,100.0
RES-00588,42,icu,bed,bed,16,12,75.0
RES-00589,43,emergency,bed,bed,21,21,100.0
RES-00590,43,surgery,bed,bed,50,33,66.0
RES-00591,43,general_medicine,bed,bed,42,42,100.0
RES-00592,43,icu,bed,bed,18,12,66.7
RES-00593,44,emergency,bed,bed,27,27,100.0
RES-00594,44,surgery,bed,bed,45,28,62.2
RES-00595,44,general_medicine,bed,bed,57,57,100.0
RES-00596,44,icu,bed,bed,12,12,100.0
RES-00597,45,emergency,bed,bed,32,32,100.0
RES-00598,45,surgery,bed,bed,32,32,100.0
RES-00599,45,general_medicine,bed,bed,40,40,100.0
RES-00600,45,icu,bed,bed,18,18,100.0
RES-00601,46,emergency,bed,bed,36,36,100.0
RES-00602,46,surgery,bed,bed,52,39,75.0
RES-00603,46,general_medicine,bed,bed,41,29,70.7
RES-00604,46,icu,bed,bed,23,23,100.0
RES-00605,47,emergency,bed,bed,22,22,100.0
RES-00606,47,surgery,bed,bed,57,48,84.2
RES-00607,47,general_medicine,bed,bed,55,55,100.0
RES-00608,47,icu,bed,bed,13,13,100.0
RES-00609,48,emergency,bed,bed,20,20,100.0
RES-00610,48,surgery,bed,bed,49,32,65.3
RES-00611,48,general_medicine,bed,bed,48,48,100.0
RES-00612,48,icu,bed,bed,16,16,100.0
RES-00613,49,emergency,bed,bed,26,26,100.0
RES-00614,49,surgery,bed,bed,26,26,100.0
RES-00615,49,general_medicine,bed,bed,72,63,87.5
RES-00616,49,icu,bed,bed,16,16,100.0
RES-00617,50,emergency,bed,bed,24,24,100.0
RES-00618,50,surgery,bed,bed,59,59,100.0
RES-00619,50,general_medicine,bed,bed,72,57,79.2
RES-00620,50,icu,bed,bed,22,13,59.1
RES-00621,51,emergency,bed,bed,31,31,100.0
RES-00622,51,surgery,bed,bed,63,48,76.2
RES-00623,51,general_medicine,bed,bed,74,74,100.0
RES-00624,51,icu,bed,bed,18,15,83.3
RES-00625,52,emergency,bed,bed,26,26,100.0
RES-00626,52,surgery,bed,bed,53,39,73.6
RES-00627,52,general_medicine,bed,bed,65,65,100.0
RES-00628,52,icu,bed,bed,22,22,100.0
