date,hospital_id,hospital_name,department_id,department_name,department_type,total_beds,occupied_beds_count,bed_occupancy_rate_pct,patients_admitted_count,patients_discharged_count,readmission_count,readmission_rate_pct,mortality_count,mortality_rate_pct,avg_length_of_stay_days,avg_treatment_time_hours,transfer_events_count,nurses_on_duty,doctors_on_duty,staff_to_patient_ratio,equipment_downtime_hours,avg_satisfaction_score,department_efficiency_score
2026-01-01,H001,CityCare General Hospital,D01,Emergency Department,Emergency,35,19,54.29,5,5,1,20.0,0,0.0,3.22,25.29,6,9,3,2.4,3.65,4.26,68.53
2026-01-08,H002,Green Valley Medical Center,D04,Orthopedics,Specialty,35,23,65.71,3,5,0,0.0,0,0.0,3.7,5.15,7,6,4,3.333,0.0,4.65,81.52
2026-01-15,H003,Sunrise Multi-Specialty Hospital,D07,General Surgery,Surgical,40,29,72.5,12,12,1,8.33,0,0.0,2.45,23.54,7,8,5,1.083,3.74,4.36,78.44
2026-01-22,H001,CityCare General Hospital,D03,Cardiology,Specialty,30,16,53.33,5,2,0,0.0,0,0.0,5.66,13.58,6,7,2,1.8,2.07,3.95,70.45
2026-01-29,H002,Green Valley Medical Center,D06,Pediatrics,Medical,30,18,60.0,5,4,1,20.0,0,0.0,7.7,13.6,4,4,4,1.6,2.66,4.29,64.27
2026-02-05,H003,Sunrise Multi-Specialty Hospital,D02,General Medicine,Medical,50,33,66.0,9,9,0,0.0,1,11.11,3.31,19.53,4,8,4,1.333,3.98,3.34,75.94
2026-02-12,H001,CityCare General Hospital,D05,ICU,Critical Care,20,17,85.0,3,5,0,0.0,0,0.0,6.49,30.13,13,6,3,3.0,0.5,4.43,82.59
2026-02-19,H002,Green Valley Medical Center,D01,Emergency Department,Emergency,35,24,68.57,7,6,1,14.29,0,0.0,6.63,11.38,4,10,3,1.857,1.91,4.3,71.48
2026-02-26,H003,Sunrise Multi-Specialty Hospital,D04,Orthopedics,Specialty,35,20,57.14,5,4,0,0.0,0,0.0,1.57,4.29,2,6,2,1.6,3.65,4.47,76.41
2026-03-05,H001,CityCare General Hospital,D07,General Surgery,Surgical,40,25,62.5,9,13,0,0.0,0,0.0,4.14,17.5,4,6,3,1.0,2.92,3.99,74.96
2026-03-12,H002,Green Valley Medical Center,D03,Cardiology,Specialty,30,27,90.0,8,4,1,12.5,0,0.0,7.13,16.3,5,7,4,1.375,0.96,3.68,79.99
2026-03-19,H003,Sunrise Multi-Specialty Hospital,D06,Pediatrics,Medical,30,26,86.67,4,4,0,0.0,0,0.0,2.67,10.81,6,4,4,2.0,4.16,4.12,84.01
2026-03-26,H001,CityCare General Hospital,D02,General Medicine,Medical,50,38,76.0,11,12,3,27.27,0,0.0,6.09,15.01,3,11,4,1.364,2.15,3.4,72.05
2026-04-02,H002,Green Valley Medical Center,D05,ICU,Critical Care,20,17,85.0,4,4,0,0.0,0,0.0,9.95,19.64,6,2,2,1.0,1.7,4.24,74.62
2026-04-09,H003,Sunrise Multi-Specialty Hospital,D01,Emergency Department,Emergency,35,32,91.43,7,9,0,0.0,0,0.0,5.99,9.17,7,7,2,1.286,0.24,3.96,86.13
2026-04-16,H001,CityCare General Hospital,D04,Orthopedics,Specialty,35,21,60.0,8,5,0,0.0,0,0.0,4.51,17.44,9,5,3,1.0,2.17,4.0,74.64
2026-04-23,H002,Green Valley Medical Center,D07,General Surgery,Surgical,40,33,82.5,7,5,0,0.0,0,0.0,6.29,10.14,9,7,4,1.571,2.72,4.03,78.52
2026-04-30,H003,Sunrise Multi-Specialty Hospital,D03,Cardiology,Specialty,30,18,60.0,6,4,0,0.0,0,0.0,2.58,7.07,5,5,2,1.167,1.39,4.46,79.26
2026-05-07,H001,CityCare General Hospital,D06,Pediatrics,Medical,30,29,96.67,7,5,1,14.29,0,0.0,4.67,5.1,4,6,3,1.286,2.23,3.19,84.24
2026-05-14,H002,Green Valley Medical Center,D02,General Medicine,Medical,50,24,48.0,6,9,0,0.0,0,0.0,6.37,10.78,3,8,4,2.0,1.14,3.79,68.83
2026-05-21,H003,Sunrise Multi-Specialty Hospital,D05,ICU,Critical Care,20,16,80.0,5,5,2,40.0,0,0.0,3.89,13.16,3,4,1,1.0,1.41,3.67,75.94
2026-05-28,H001,CityCare General Hospital,D01,Emergency Department,Emergency,35,22,62.86,3,2,1,33.33,0,0.0,6.6,20.42,6,8,2,3.333,4.1,4.49,62.22
2026-06-04,H002,Green Valley Medical Center,D04,Orthopedics,Specialty,35,17,48.57,7,6,0,0.0,0,0.0,4.87,4.85,7,10,3,1.857,0.0,4.09,73.48
2026-06-11,H003,Sunrise Multi-Specialty Hospital,D07,General Surgery,Surgical,40,24,60.0,3,4,0,0.0,0,0.0,3.47,27.39,7,8,3,3.667,1.19,4.67,78.02
2026-06-18,H001,CityCare General Hospital,D03,Cardiology,Specialty,30,18,60.0,4,2,0,0.0,0,0.0,1.65,14.82,2,5,3,2.0,1.72,3.72,80.36
2026-06-25,H002,Green Valley Medical Center,D06,Pediatrics,Medical,30,22,73.33,5,5,1,20.0,0,0.0,3.54,10.09,3,6,2,1.6,3.65,4.38,74.63
2026-01-03,H003,Sunrise Multi-Specialty Hospital,D02,General Medicine,Medical,50,32,64.0,9,7,0,0.0,0,0.0,5.93,15.17,6,9,5,1.556,4.48,3.25,69.85
2026-01-10,H001,CityCare General Hospital,D05,ICU,Critical Care,20,10,50.0,6,1,0,0.0,0,0.0,7.33,11.46,5,5,3,1.333,3.0,3.78,64.87
2026-01-17,H002,Green Valley Medical Center,D01,Emergency Department,Emergency,35,29,82.86,7,7,0,0.0,0,0.0,1.57,3.89,6,8,2,1.429,0.19,4.6,90.95
2026-01-24,H003,Sunrise Multi-Specialty Hospital,D04,Orthopedics,Specialty,35,28,80.0,4,1,1,25.0,0,0.0,7.36,12.6,4,5,4,2.25,0.98,3.86,73.55
2026-01-31,H001,CityCare General Hospital,D07,General Surgery,Surgical,40,31,77.5,4,2,0,0.0,0,0.0,6.77,20.47,1,6,3,2.25,2.91,4.69,75.62
2026-02-07,H002,Green Valley Medical Center,D03,Cardiology,Specialty,30,15,50.0,8,5,0,0.0,0,0.0,1.76,5.25,3,5,3,1.0,4.15,3.54,72.78
2026-02-14,H003,Sunrise Multi-Specialty Hospital,D06,Pediatrics,Medical,30,23,76.67,9,9,1,11.11,0,0.0,4.75,25.9,5,9,4,1.444,0.0,4.01,81.3
2026-02-21,H001,CityCare General Hospital,D02,General Medicine,Medical,50,28,56.0,9,8,1,11.11,0,0.0,2.87,10.06,8,10,4,1.556,2.38,4.16,73.55
2026-02-28,H002,Green Valley Medical Center,D05,ICU,Critical Care,20,12,60.0,5,4,0,0.0,0,0.0,7.36,44.28,2,7,3,2.0,0.7,4.98,72.0
2026-03-07,H003,Sunrise Multi-Specialty Hospital,D01,Emergency Department,Emergency,35,33,94.29,3,4,0,0.0,2,50.0,8.18,27.12,3,6,3,3.0,1.12,4.18,81.89
2026-03-14,H001,CityCare General Hospital,D04,Orthopedics,Specialty,35,29,82.86,4,4,1,25.0,0,0.0,4.33,24.52,9,8,2,2.5,1.31,4.23,79.33
2026-03-21,H002,Green Valley Medical Center,D07,General Surgery,Surgical,40,35,87.5,5,9,0,0.0,0,0.0,1.77,25.03,5,6,4,2.0,0.0,3.94,92.53
2026-03-28,H003,Sunrise Multi-Specialty Hospital,D03,Cardiology,Specialty,30,22,73.33,7,7,0,0.0,1,14.29,6.33,23.23,2,6,4,1.429,0.62,4.49,78.6
2026-04-04,H001,CityCare General Hospital,D06,Pediatrics,Medical,30,24,80.0,10,6,0,0.0,0,0.0,8.64,26.89,5,9,3,1.2,2.31,4.44,74.18
2026-04-11,H002,Green Valley Medical Center,D02,General Medicine,Medical,50,43,86.0,11,10,2,18.18,0,0.0,8.7,25.1,3,10,6,1.455,5.58,4.26,67.31
2026-04-18,H003,Sunrise Multi-Specialty Hospital,D05,ICU,Critical Care,20,16,80.0,2,3,0,0.0,0,0.0,2.63,32.26,6,2,1,1.5,2.56,3.41,84.3
2026-04-25,H001,CityCare General Hospital,D01,Emergency Department,Emergency,35,26,74.29,8,6,2,25.0,0,0.0,9.42,21.44,3,6,3,1.125,0.15,3.98,69.28
2026-05-02,H002,Green Valley Medical Center,D04,Orthopedics,Specialty,35,19,54.29,6,9,0,0.0,0,0.0,5.46,16.23,4,7,2,1.5,1.42,5.0,72.17
2026-05-09,H003,Sunrise Multi-Specialty Hospital,D07,General Surgery,Surgical,40,22,55.0,6,3,1,16.67,0,0.0,6.51,22.65,8,6,3,1.5,0.04,4.48,69.46
2026-05-16,H001,CityCare General Hospital,D03,Cardiology,Specialty,30,18,60.0,7,5,0,0.0,0,0.0,9.31,11.94,6,5,4,1.286,3.95,4.47,63.39
2026-05-23,H002,Green Valley Medical Center,D06,Pediatrics,Medical,30,28,93.33,4,4,1,25.0,0,0.0,7.68,11.98,5,9,2,2.75,3.19,4.04,74.12
2026-05-30,H003,Sunrise Multi-Specialty Hospital,D02,General Medicine,Medical,50,25,50.0,10,9,1,10.0,0,0.0,4.96,29.44,6,9,5,1.4,3.2,4.02,66.7
2026-06-06,H001,CityCare General Hospital,D05,ICU,Critical Care,20,19,95.0,2,1,0,0.0,0,0.0,4.82,33.47,5,4,3,3.5,3.52,3.72,84.18
2026-06-13,H002,Green Valley Medical Center,D01,Emergency Department,Emergency,35,32,91.43,8,6,0,0.0,0,0.0,4.81,9.28,6,5,3,1.0,1.11,3.47,86.81
2026-06-20,H003,Sunrise Multi-Specialty Hospital,D04,Orthopedics,Specialty,35,24,68.57,5,5,0,0.0,0,0.0,6.72,23.77,3,7,2,1.8,1.49,4.55,74.86
2026-06-27,H001,CityCare General Hospital,D07,General Surgery,Surgical,40,29,72.5,12,8,3,25.0,0,0.0,8.65,26.93,5,6,4,0.833,1.06,3.9,68.54
2026-01-05,H002,Green Valley Medical Center,D03,Cardiology,Specialty,30,12,40.0,4,7,0,0.0,0,0.0,3.0,15.1,6,8,4,3.0,2.54,3.83,69.69
2026-01-12,H003,Sunrise Multi-Specialty Hospital,D06,Pediatrics,Medical,30,17,56.67,9,13,1,11.11,0,0.0,5.7,29.3,5,5,3,0.889,3.88,4.19,66.43
2026-01-19,H001,CityCare General Hospital,D02,General Medicine,Medical,50,45,90.0,12,9,1,8.33,0,0.0,3.51,21.76,4,9,5,1.167,0.49,4.14,87.91
2026-01-26,H002,Green Valley Medical Center,D05,ICU,Critical Care,20,12,60.0,6,4,1,16.67,0,0.0,10.76,31.78,3,6,1,1.167,1.19,4.54,61.93
2026-02-02,H003,Sunrise Multi-Specialty Hospital,D01,Emergency Department,Emergency,35,21,60.0,8,9,0,0.0,1,11.11,6.24,25.13,3,6,4,1.25,3.96,4.7,68.74
2026-02-09,H001,CityCare General Hospital,D04,Orthopedics,Specialty,35,27,77.14,5,2,0,0.0,0,0.0,1.57,8.14,7,6,3,1.8,0.15,4.03,89.01
2026-02-16,H002,Green Valley Medical Center,D07,General Surgery,Surgical,40,25,62.5,7,7,1,14.29,0,0.0,5.46,3.48,3,10,4,2.0,3.12,3.65,69.47
2026-02-23,H003,Sunrise Multi-Specialty Hospital,D03,Cardiology,Specialty,30,27,90.0,8,7,1,12.5,1,14.29,9.2,20.65,6,8,3,1.375,2.79,4.05,73.44
2026-03-02,H001,CityCare General Hospital,D06,Pediatrics,Medical,30,19,63.33,7,15,1,14.29,0,0.0,6.21,6.76,0,9,2,1.571,0.64,3.16,72.42
2026-03-09,H002,Green Valley Medical Center,D02,General Medicine,Medical,50,28,56.0,4,6,0,0.0,0,0.0,8.9,5.81,5,9,5,3.5,3.17,3.87,63.95
2026-03-16,H003,Sunrise Multi-Specialty Hospital,D05,ICU,Critical Care,20,19,95.0,2,0,0,0.0,0,0.0,4.27,5.93,5,4,1,2.5,0.87,3.85,89.39
2026-03-23,H001,CityCare General Hospital,D01,Emergency Department,Emergency,35,15,42.86,8,10,0,0.0,0,0.0,3.33,17.22,5,10,3,1.625,3.91,4.94,67.92
2026-03-30,H002,Green Valley Medical Center,D04,Orthopedics,Specialty,35,29,82.86,6,8,1,16.67,0,0.0,3.12,8.78,0,9,2,1.833,1.73,2.93,82.44
2026-04-06,H003,Sunrise Multi-Specialty Hospital,D07,General Surgery,Surgical,40,25,62.5,12,13,0,0.0,0,0.0,6.66,14.09,5,11,5,1.333,4.77,4.56,67.59
2026-04-13,H001,CityCare General Hospital,D03,Cardiology,Specialty,30,27,90.0,8,7,0,0.0,0,0.0,4.41,9.9,10,7,4,1.375,3.96,4.58,82.45
2026-04-20,H002,Green Valley Medical Center,D06,Pediatrics,Medical,30,27,90.0,5,5,1,20.0,0,0.0,8.03,8.3,9,8,4,2.4,1.15,4.02,76.61
2026-04-27,H003,Sunrise Multi-Specialty Hospital,D02,General Medicine,Medical,50,32,64.0,10,6,0,0.0,0,0.0,2.72,4.79,3,8,5,1.3,3.12,4.56,77.65
2026-05-04,H001,CityCare General Hospital,D05,ICU,Critical Care,20,15,75.0,4,4,0,0.0,0,0.0,7.9,15.37,3,6,1,1.75,1.3,4.37,75.34
2026-05-11,H002,Green Valley Medical Center,D01,Emergency Department,Emergency,35,26,74.29,8,12,0,0.0,1,8.33,8.91,7.39,8,6,3,1.125,2.59,3.91,71.26
2026-05-18,H003,Sunrise Multi-Specialty Hospital,D04,Orthopedics,Specialty,35,20,57.14,3,4,0,0.0,0,0.0,3.9,13.81,6,5,4,3.0,3.84,4.08,72.03
2026-05-25,H001,CityCare General Hospital,D07,General Surgery,Surgical,40,21,52.5,7,16,2,28.57,0,0.0,5.18,18.29,3,6,5,1.571,2.13,4.0,65.19
2026-06-01,H002,Green Valley Medical Center,D03,Cardiology,Specialty,30,19,63.33,6,6,1,16.67,0,0.0,5.81,26.38,4,5,2,1.167,1.74,4.18,70.88
2026-06-08,H003,Sunrise Multi-Specialty Hospital,D06,Pediatrics,Medical,30,24,80.0,2,2,0,0.0,0,0.0,4.45,4.23,4,6,4,5.0,4.42,3.51,78.14
2026-06-15,H001,CityCare General Hospital,D02,General Medicine,Medical,50,41,82.0,15,14,3,20.0,0,0.0,1.82,11.97,9,13,6,1.267,2.45,4.01,82.6
2026-06-22,H002,Green Valley Medical Center,D05,ICU,Critical Care,20,15,75.0,3,6,0,0.0,0,0.0,5.4,31.54,3,3,2,1.667,2.82,4.31,77.29
2026-06-29,H003,Sunrise Multi-Specialty Hospital,D01,Emergency Department,Emergency,35,23,65.71,11,12,0,0.0,1,8.33,8.33,3.6,6,9,2,1.0,2.4,3.81,69.58
2026-01-07,H001,CityCare General Hospital,D04,Orthopedics,Specialty,35,34,97.14,6,6,0,0.0,0,0.0,4.1,8.38,5,6,3,1.5,3.87,4.44,85.63
2026-01-14,H002,Green Valley Medical Center,D07,General Surgery,Surgical,40,35,87.5,8,6,2,25.0,2,33.33,2.94,4.04,3,10,4,1.75,0.0,3.3,85.48
2026-01-21,H003,Sunrise Multi-Specialty Hospital,D03,Cardiology,Specialty,30,16,53.33,10,10,0,0.0,0,0.0,5.29,12.48,8,6,2,0.8,1.56,4.06,71.91
2026-01-28,H001,CityCare General Hospital,D06,Pediatrics,Medical,30,25,83.33,5,8,0,0.0,0,0.0,2.05,6.98,4,7,3,2.0,2.39,3.9,86.75
2026-02-04,H002,Green Valley Medical Center,D02,General Medicine,Medical,50,24,48.0,10,8,1,10.0,0,0.0,3.76,10.98,6,10,4,1.4,2.94,4.64,68.52
2026-02-11,H003,Sunrise Multi-Specialty Hospital,D05,ICU,Critical Care,20,14,70.0,4,3,1,25.0,0,0.0,10.26,9.31,5,4,3,1.75,4.92,4.13,58.67
2026-02-18,H001,CityCare General Hospital,D01,Emergency Department,Emergency,35,29,82.86,8,5,0,0.0,0,0.0,3.04,23.32,4,6,3,1.125,2.04,3.82,85.42
2026-02-25,H002,Green Valley Medical Center,D04,Orthopedics,Specialty,35,21,60.0,7,10,1,14.29,0,0.0,7.36,10.27,6,6,2,1.143,3.69,4.09,64.36
2026-03-04,H003,Sunrise Multi-Specialty Hospital,D07,General Surgery,Surgical,40,35,87.5,8,7,1,12.5,0,0.0,5.09,11.91,8,11,5,2.0,3.46,4.93,78.68
2026-03-11,H001,CityCare General Hospital,D03,Cardiology,Specialty,30,24,80.0,8,7,2,25.0,0,0.0,3.6,20.42,6,8,2,1.25,0.81,4.55,80.4
2026-03-18,H002,Green Valley Medical Center,D06,Pediatrics,Medical,30,25,83.33,6,8,0,0.0,0,0.0,9.49,11.33,7,6,4,1.667,3.8,4.22,71.48
2026-03-25,H003,Sunrise Multi-Specialty Hospital,D02,General Medicine,Medical,50,30,60.0,11,14,0,0.0,0,0.0,2.06,18.4,6,12,5,1.545,0.4,3.84,81.76
2026-04-01,H001,CityCare General Hospital,D05,ICU,Critical Care,20,12,60.0,4,2,0,0.0,0,0.0,2.78,41.93,7,5,3,2.0,0.35,3.6,80.58
2026-04-08,H002,Green Valley Medical Center,D01,Emergency Department,Emergency,35,23,65.71,4,5,1,25.0,0,0.0,9.08,18.44,3,9,4,3.25,0.0,4.13,67.11
2026-04-15,H003,Sunrise Multi-Specialty Hospital,D04,Orthopedics,Specialty,35,19,54.29,9,9,0,0.0,0,0.0,8.34,25.44,6,5,4,1.0,4.26,4.86,62.59
2026-04-22,H001,CityCare General Hospital,D07,General Surgery,Surgical,40,29,72.5,6,5,1,16.67,0,0.0,8.58,26.94,2,6,4,1.667,1.45,4.55,69.71
2026-04-29,H002,Green Valley Medical Center,D03,Cardiology,Specialty,30,25,83.33,12,12,1,8.33,0,0.0,4.19,6.9,3,6,2,0.667,0.0,4.53,85.17
2026-05-06,H003,Sunrise Multi-Specialty Hospital,D06,Pediatrics,Medical,30,12,40.0,6,6,0,0.0,0,0.0,2.94,29.2,8,4,3,1.167,5.78,4.68,64.61
2026-05-13,H001,CityCare General Hospital,D02,General Medicine,Medical,50,35,70.0,11,11,0,0.0,0,0.0,7.59,4.62,2,10,6,1.455,0.0,4.27,76.22
2026-05-20,H002,Green Valley Medical Center,D05,ICU,Critical Care,20,11,55.0,8,7,2,25.0,1,14.29,1.89,22.32,7,7,3,1.25,0.0,4.26,75.94
2026-05-27,H003,Sunrise Multi-Specialty Hospital,D01,Emergency Department,Emergency,35,23,65.71,2,0,0,0.0,0,0.0,3.42,8.97,6,5,2,3.5,3.69,4.47,76.11
2026-06-03,H001,CityCare General Hospital,D04,Orthopedics,Specialty,35,24,68.57,5,5,0,0.0,0,0.0,2.92,12.82,5,8,4,2.4,1.47,3.85,81.54
2026-06-10,H002,Green Valley Medical Center,D07,General Surgery,Surgical,40,28,70.0,11,16,0,0.0,0,0.0,7.73,5.52,1,6,4,0.909,3.6,3.08,70.21
2026-06-17,H003,Sunrise Multi-Specialty Hospital,D03,Cardiology,Specialty,30,18,60.0,9,17,0,0.0,0,0.0,8.59,10.42,3,7,4,1.222,5.21,3.78,62.63
2026-06-24,H001,CityCare General Hospital,D06,Pediatrics,Medical,30,23,76.67,5,6,2,40.0,1,16.67,7.34,9.14,6,6,4,2.0,2.33,3.86,67.26
2026-01-02,H002,Green Valley Medical Center,D02,General Medicine,Medical,50,27,54.0,12,8,1,8.33,0,0.0,4.09,26.13,9,9,5,1.167,1.86,4.27,72.1
2026-01-09,H003,Sunrise Multi-Specialty Hospital,D05,ICU,Critical Care,20,13,65.0,3,1,0,0.0,0,0.0,1.71,8.29,5,5,3,2.667,2.09,4.07,81.41
2026-01-16,H001,CityCare General Hospital,D01,Emergency Department,Emergency,35,23,65.71,11,6,1,9.09,0,0.0,4.93,29.13,2,9,4,1.182,2.77,4.03,73.12
2026-01-23,H002,Green Valley Medical Center,D04,Orthopedics,Specialty,35,21,60.0,10,7,0,0.0,0,0.0,8.34,29.3,4,7,3,1.0,0.0,4.11,71.4
2026-01-30,H003,Sunrise Multi-Specialty Hospital,D07,General Surgery,Surgical,40,32,80.0,11,14,0,0.0,0,0.0,6.7,23.44,8,6,5,1.0,2.02,4.39,78.04
2026-02-06,H001,CityCare General Hospital,D03,Cardiology,Specialty,30,13,43.33,8,5,0,0.0,0,0.0,3.81,19.94,5,6,3,1.125,1.62,4.46,70.91
2026-02-13,H002,Green Valley Medical Center,D06,Pediatrics,Medical,30,15,50.0,2,0,0,0.0,0,0.0,7.0,10.81,11,9,4,6.5,1.64,4.38,67.63
2026-02-20,H003,Sunrise Multi-Specialty Hospital,D02,General Medicine,Medical,50,45,90.0,8,9,0,0.0,0,0.0,7.94,19.62,4,10,4,1.75,3.29,4.44,77.34
2026-02-27,H001,CityCare General Hospital,D05,ICU,Critical Care,20,16,80.0,3,5,1,33.33,0,0.0,9.93,30.54,1,5,1,2.0,1.39,3.98,66.73
2026-03-06,H002,Green Valley Medical Center,D01,Emergency Department,Emergency,35,19,54.29,11,7,0,0.0,1,14.29,8.32,27.66,14,6,4,0.909,3.9,4.13,63.2
2026-03-13,H003,Sunrise Multi-Specialty Hospital,D04,Orthopedics,Specialty,35,27,77.14,3,2,0,0.0,0,0.0,5.22,15.6,4,9,3,4.0,4.61,4.67,75.49
2026-03-20,H001,CityCare General Hospital,D07,General Surgery,Surgical,40,27,67.5,4,4,1,25.0,0,0.0,3.2,13.12,1,11,4,3.75,3.03,4.13,73.18
2026-03-27,H002,Green Valley Medical Center,D03,Cardiology,Specialty,30,12,40.0,5,4,1,20.0,1,25.0,1.83,5.11,9,5,3,1.6,1.5,4.01,69.4
2026-04-03,H003,Sunrise Multi-Specialty Hospital,D06,Pediatrics,Medical,30,14,46.67,7,9,1,14.29,0,0.0,6.94,12.48,4,8,4,1.714,2.1,4.28,62.97
2026-04-10,H001,CityCare General Hospital,D02,General Medicine,Medical,50,48,96.0,11,13,0,0.0,1,7.69,3.06,19.55,5,9,6,1.364,3.66,3.93,87.39
2026-04-17,H002,Green Valley Medical Center,D05,ICU,Critical Care,20,16,80.0,2,0,0,0.0,0,0.0,11.04,13.16,8,5,3,4.0,2.19,3.77,70.18
2026-04-24,H003,Sunrise Multi-Specialty Hospital,D01,Emergency Department,Emergency,35,16,45.71,12,14,0,0.0,0,0.0,5.11,3.43,7,9,4,1.083,2.6,3.43,67.9
2026-05-01,H001,CityCare General Hospital,D04,Orthopedics,Specialty,35,24,68.57,6,4,0,0.0,0,0.0,8.33,22.31,8,6,3,1.5,0.0,4.26,74.42
2026-05-08,H002,Green Valley Medical Center,D07,General Surgery,Surgical,40,36,90.0,7,4,1,14.29,0,0.0,1.62,25.06,3,7,4,1.571,0.94,3.88,89.3
2026-05-15,H003,Sunrise Multi-Specialty Hospital,D03,Cardiology,Specialty,30,19,63.33,4,5,0,0.0,0,0.0,3.2,13.11,4,7,4,2.75,1.48,3.58,79.2
2026-05-22,H001,CityCare General Hospital,D06,Pediatrics,Medical,30,17,56.67,5,6,0,0.0,0,0.0,4.51,29.53,6,8,4,2.4,1.72,4.66,74.19
2026-05-29,H002,Green Valley Medical Center,D02,General Medicine,Medical,50,27,54.0,9,5,0,0.0,0,0.0,6.43,8.1,2,13,4,1.889,0.33,3.93,72.12
2026-06-05,H003,Sunrise Multi-Specialty Hospital,D05,ICU,Critical Care,20,12,60.0,3,4,0,0.0,0,0.0,9.2,21.8,5,6,3,3.0,3.71,3.77,63.96
2026-06-12,H001,CityCare General Hospital,D01,Emergency Department,Emergency,35,23,65.71,10,6,0,0.0,0,0.0,8.24,27.49,5,7,3,1.0,1.03,4.02,71.93
2026-06-19,H002,Green Valley Medical Center,D04,Orthopedics,Specialty,35,27,77.14,8,7,1,12.5,0,0.0,9.39,17.09,8,5,3,1.0,2.42,4.43,69.19
2026-06-26,H003,Sunrise Multi-Specialty Hospital,D07,General Surgery,Surgical,40,32,80.0,4,8,0,0.0,0,0.0,3.13,21.72,5,8,5,3.25,2.22,4.42,83.97
2026-01-04,H001,CityCare General Hospital,D03,Cardiology,Specialty,30,18,60.0,7,8,1,14.29,0,0.0,3.28,6.46,7,7,4,1.571,4.91,4.32,69.55
2026-01-11,H002,Green Valley Medical Center,D06,Pediatrics,Medical,30,18,60.0,4,2,1,25.0,0,0.0,5.31,4.35,5,9,2,2.75,0.93,4.12,70.22
2026-01-18,H003,Sunrise Multi-Specialty Hospital,D02,General Medicine,Medical,50,42,84.0,6,3,0,0.0,0,0.0,3.24,13.57,8,13,5,3.0,0.15,4.08,88.49
2026-01-25,H001,CityCare General Hospital,D05,ICU,Critical Care,20,19,95.0,2,1,0,0.0,0,0.0,2.07,32.55,5,4,1,2.5,4.97,3.58,86.68
2026-02-01,H002,Green Valley Medical Center,D01,Emergency Department,Emergency,35,28,80.0,8,9,1,12.5,0,0.0,9.37,15.28,5,7,3,1.25,2.08,4.63,70.77
2026-02-08,H003,Sunrise Multi-Specialty Hospital,D04,Orthopedics,Specialty,35,28,80.0,5,4,0,0.0,0,0.0,1.94,3.07,5,5,3,1.6,3.17,4.17,84.53
2026-02-15,H001,CityCare General Hospital,D07,General Surgery,Surgical,40,20,50.0,4,5,0,0.0,0,0.0,8.33,18.43,6,11,3,3.5,3.09,4.52,62.98
2026-02-22,H002,Green Valley Medical Center,D03,Cardiology,Specialty,30,17,56.67,9,10,1,11.11,1,10.0,6.5,11.17,6,4,4,0.889,1.31,4.27,69.14
2026-03-01,H003,Sunrise Multi-Specialty Hospital,D06,Pediatrics,Medical,30,15,50.0,8,10,0,0.0,0,0.0,7.62,9.59,10,7,4,1.375,3.98,4.31,62.8
2026-03-08,H001,CityCare General Hospital,D02,General Medicine,Medical,50,31,62.0,10,8,1,10.0,0,0.0,3.98,17.25,4,12,4,1.6,4.73,3.84,70.17
2026-03-15,H002,Green Valley Medical Center,D05,ICU,Critical Care,20,17,85.0,2,0,0,0.0,0,0.0,2.14,13.67,7,6,2,4.0,2.82,3.68,86.49
2026-03-22,H003,Sunrise Multi-Specialty Hospital,D01,Emergency Department,Emergency,35,19,54.29,5,5,1,20.0,0,0.0,8.86,28.24,1,8,2,2.0,6.22,3.84,54.54
2026-03-29,H001,CityCare General Hospital,D04,Orthopedics,Specialty,35,24,68.57,11,9,3,27.27,0,0.0,3.47,18.22,6,6,3,0.818,2.7,3.81,73.15
2026-04-05,H002,Green Valley Medical Center,D07,General Surgery,Surgical,40,24,60.0,10,9,0,0.0,0,0.0,7.14,13.39,4,6,4,1.0,3.31,3.81,68.21
2026-04-12,H003,Sunrise Multi-Specialty Hospital,D03,Cardiology,Specialty,30,16,53.33,6,5,1,16.67,0,0.0,3.88,25.24,4,9,3,2.0,1.79,4.19,70.68
2026-04-19,H001,CityCare General Hospital,D06,Pediatrics,Medical,30,26,86.67,6,5,0,0.0,0,0.0,2.2,15.94,6,6,3,1.5,2.21,4.45,87.95
2026-04-26,H002,Green Valley Medical Center,D02,General Medicine,Medical,50,35,70.0,14,12,0,0.0,0,0.0,7.18,21.3,5,13,6,1.357,2.7,3.87,72.62
2026-05-03,H003,Sunrise Multi-Specialty Hospital,D05,ICU,Critical Care,20,18,90.0,3,0,0,0.0,0,0.0,2.15,11.08,4,4,2,2.0,4.27,4.18,85.91
2026-05-10,H001,CityCare General Hospital,D01,Emergency Department,Emergency,35,21,60.0,8,9,0,0.0,0,0.0,9.39,14.64,4,8,4,1.5,0.0,4.15,69.57
2026-05-17,H002,Green Valley Medical Center,D04,Orthopedics,Specialty,35,27,77.14,10,8,3,30.0,0,0.0,8.68,14.85,4,10,2,1.2,4.06,4.0,64.31
2026-05-24,H003,Sunrise Multi-Specialty Hospital,D07,General Surgery,Surgical,40,21,52.5,9,9,0,0.0,0,0.0,4.27,3.99,7,10,4,1.556,1.45,3.72,73.58
2026-05-31,H001,CityCare General Hospital,D03,Cardiology,Specialty,30,16,53.33,7,8,0,0.0,0,0.0,1.51,11.74,4,4,2,0.857,2.48,3.51,77.05
2026-06-07,H002,Green Valley Medical Center,D06,Pediatrics,Medical,30,25,83.33,9,9,0,0.0,0,0.0,3.87,11.81,7,8,2,1.111,0.0,3.61,87.39
2026-06-14,H003,Sunrise Multi-Specialty Hospital,D02,General Medicine,Medical,50,46,92.0,8,10,1,12.5,0,0.0,9.48,26.56,4,11,4,1.875,4.11,4.43,71.53
2026-06-21,H001,CityCare General Hospital,D05,ICU,Critical Care,20,10,50.0,7,7,1,14.29,1,14.29,8.86,32.51,8,2,2,0.571,0.0,3.84,64.14
2026-06-28,H002,Green Valley Medical Center,D01,Emergency Department,Emergency,35,25,71.43,11,13,1,9.09,0,0.0,4.0,10.7,5,6,4,0.909,3.1,4.84,76.22
2026-01-06,H003,Sunrise Multi-Specialty Hospital,D04,Orthopedics,Specialty,35,16,45.71,7,3,1,14.29,0,0.0,8.04,15.3,2,8,4,1.714,5.79,4.05,54.81
2026-01-13,H001,CityCare General Hospital,D07,General Surgery,Surgical,40,19,47.5,5,4,0,0.0,0,0.0,5.72,15.57,7,11,5,3.2,2.39,4.03,67.79
2026-01-20,H002,Green Valley Medical Center,D03,Cardiology,Specialty,30,28,93.33,6,6,1,16.67,0,0.0,1.95,6.27,9,6,3,1.5,2.45,4.27,87.0
2026-01-27,H003,Sunrise Multi-Specialty Hospital,D06,Pediatrics,Medical,30,26,86.67,5,6,0,0.0,0,0.0,1.93,27.96,7,7,3,2.0,2.97,4.22,87.2
2026-02-03,H001,CityCare General Hospital,D02,General Medicine,Medical,50,29,58.0,11,11,0,0.0,0,0.0,8.01,28.76,6,11,6,1.545,0.9,4.18,69.84
2026-02-10,H002,Green Valley Medical Center,D05,ICU,Critical Care,20,19,95.0,8,5,0,0.0,0,0.0,7.86,19.17,3,7,1,1.0,3.15,3.79,79.46
2026-02-17,H003,Sunrise Multi-Specialty Hospital,D01,Emergency Department,Emergency,35,30,85.71,11,6,2,18.18,0,0.0,8.49,24.32,5,10,2,1.091,5.64,4.61,67.48
2026-02-24,H001,CityCare General Hospital,D04,Orthopedics,Specialty,35,29,82.86,6,7,0,0.0,0,0.0,5.96,22.53,4,8,3,1.833,2.34,3.51,79.83
2026-03-03,H002,Green Valley Medical Center,D07,General Surgery,Surgical,40,31,77.5,10,8,1,10.0,0,0.0,8.41,15.11,7,9,5,1.4,3.7,4.45,69.49
2026-03-10,H003,Sunrise Multi-Specialty Hospital,D03,Cardiology,Specialty,30,21,70.0,6,4,1,16.67,0,0.0,2.18,15.54,7,9,2,1.833,0.28,3.65,81.9
2026-03-17,H001,CityCare General Hospital,D06,Pediatrics,Medical,30,26,86.67,7,8,0,0.0,0,0.0,3.38,8.2,5,8,2,1.429,1.68,3.7,86.73
2026-03-24,H002,Green Valley Medical Center,D02,General Medicine,Medical,50,26,52.0,10,9,0,0.0,1,11.11,3.23,9.9,7,11,4,1.5,4.17,4.36,70.88
2026-03-31,H003,Sunrise Multi-Specialty Hospital,D05,ICU,Critical Care,20,16,80.0,5,5,0,0.0,0,0.0,9.96,3.42,4,3,3,1.2,0.95,4.23,74.05
2026-04-07,H001,CityCare General Hospital,D01,Emergency Department,Emergency,35,22,62.86,6,9,1,16.67,0,0.0,5.6,10.53,3,9,4,2.167,2.57,4.12,69.76
2026-04-14,H002,Green Valley Medical Center,D04,Orthopedics,Specialty,35,20,57.14,7,12,0,0.0,0,0.0,6.88,28.68,4,10,2,1.714,3.84,4.4,66.82
2026-04-21,H003,Sunrise Multi-Specialty Hospital,D07,General Surgery,Surgical,40,35,87.5,10,10,1,10.0,0,0.0,7.39,27.98,2,6,5,1.1,2.47,3.65,76.74
2026-04-28,H001,CityCare General Hospital,D03,Cardiology,Specialty,30,22,73.33,5,7,0,0.0,0,0.0,3.19,9.45,10,4,4,1.6,4.75,3.65,77.48
2026-05-05,H002,Green Valley Medical Center,D06,Pediatrics,Medical,30,21,70.0,9,7,0,0.0,0,0.0,8.24,9.98,3,9,2,1.222,0.31,4.25,74.58
2026-05-12,H003,Sunrise Multi-Specialty Hospital,D02,General Medicine,Medical,50,28,56.0,9,9,1,11.11,0,0.0,9.35,25.44,6,9,5,1.556,3.24,4.8,60.83
2026-05-19,H001,CityCare General Hospital,D05,ICU,Critical Care,20,11,55.0,4,3,0,0.0,0,0.0,5.9,29.73,2,2,1,0.75,4.62,3.26,66.53
2026-05-26,H002,Green Valley Medical Center,D01,Emergency Department,Emergency,35,28,80.0,6,3,0,0.0,0,0.0,6.75,6.96,7,5,3,1.333,0.0,4.19,81.19
2026-06-02,H003,Sunrise Multi-Specialty Hospital,D04,Orthopedics,Specialty,35,30,85.71,0,2,0,0.0,0,0.0,5.04,19.97,6,10,2,12.0,0.0,4.31,86.18
2026-06-09,H001,CityCare General Hospital,D07,General Surgery,Surgical,40,22,55.0,10,8,1,10.0,0,0.0,5.24,7.74,3,9,5,1.4,0.0,4.01,73.08
2026-06-16,H002,Green Valley Medical Center,D03,Cardiology,Specialty,30,19,63.33,5,2,1,20.0,0,0.0,5.99,9.06,5,6,2,1.6,1.57,3.99,70.17
2026-06-23,H003,Sunrise Multi-Specialty Hospital,D06,Pediatrics,Medical,30,26,86.67,11,9,0,0.0,0,0.0,8.85,24.0,5,7,4,1.0,2.14,4.15,76.42
2026-01-01,H001,CityCare General Hospital,D02,General Medicine,Medical,50,32,64.0,13,12,1,7.69,0,0.0,6.66,19.64,3,11,5,1.231,0.26,3.79,73.79
2026-01-08,H002,Green Valley Medical Center,D05,ICU,Critical Care,20,13,65.0,3,3,0,0.0,0,0.0,10.51,27.79,11,6,2,2.667,4.05,3.82,62.88
2026-01-15,H003,Sunrise Multi-Specialty Hospital,D01,Emergency Department,Emergency,35,28,80.0,8,9,1,12.5,0,0.0,8.15,5.58,5,7,2,1.125,1.74,4.35,73.45
2026-01-22,H001,CityCare General Hospital,D04,Orthopedics,Specialty,35,25,71.43,4,8,0,0.0,0,0.0,7.72,9.62,2,6,2,2.0,3.26,4.41,71.27
2026-01-29,H002,Green Valley Medical Center,D07,General Surgery,Surgical,40,39,97.5,6,4,0,0.0,0,0.0,6.73,14.83,3,7,4,1.833,2.28,4.02,83.7
2026-02-05,H003,Sunrise Multi-Specialty Hospital,D03,Cardiology,Specialty,30,16,53.33,5,2,0,0.0,0,0.0,6.13,29.67,4,6,2,1.6,3.48,4.79,67.37
2026-02-12,H001,CityCare General Hospital,D06,Pediatrics,Medical,30,24,80.0,5,4,0,0.0,0,0.0,6.36,17.14,8,8,4,2.4,1.41,4.51,79.61
2026-02-19,H002,Green Valley Medical Center,D02,General Medicine,Medical,50,23,46.0,9,12,0,0.0,0,0.0,2.35,6.16,7,10,4,1.556,0.68,4.03,75.9
2026-02-26,H003,Sunrise Multi-Specialty Hospital,D05,ICU,Critical Care,20,9,45.0,4,2,1,25.0,0,0.0,7.35,9.01,4,6,3,2.25,0.17,4.07,62.62
2026-03-05,H001,CityCare General Hospital,D01,Emergency Department,Emergency,35,26,74.29,4,5,1,25.0,0,0.0,3.69,29.61,5,7,4,2.75,2.35,4.55,75.78
2026-03-12,H002,Green Valley Medical Center,D04,Orthopedics,Specialty,35,22,62.86,4,6,1,25.0,0,0.0,1.9,17.69,4,8,2,2.5,2.38,3.78,74.87
2026-03-19,H003,Sunrise Multi-Specialty Hospital,D07,General Surgery,Surgical,40,19,47.5,4,4,0,0.0,0,0.0,7.63,15.02,4,8,5,3.25,2.15,3.9,64.83
2026-03-26,H001,CityCare General Hospital,D03,Cardiology,Specialty,30,27,90.0,7,10,0,0.0,0,0.0,5.12,17.14,4,5,2,1.0,2.99,3.95,82.76
2026-04-02,H002,Green Valley Medical Center,D06,Pediatrics,Medical,30,20,66.67,5,4,1,20.0,0,0.0,3.56,13.99,4,5,4,1.8,4.13,4.05,71.5
2026-04-09,H003,Sunrise Multi-Specialty Hospital,D02,General Medicine,Medical,50,37,74.0,13,13,1,7.69,0,0.0,9.38,17.09,3,10,6,1.231,4.32,3.94,66.03
2026-04-16,H001,CityCare General Hospital,D05,ICU,Critical Care,20,8,40.0,2,5,1,50.0,2,40.0,5.66,47.59,2,2,3,2.5,2.77,3.02,54.66
2026-04-23,H002,Green Valley Medical Center,D01,Emergency Department,Emergency,35,14,40.0,5,1,2,40.0,0,0.0,8.69,11.45,5,5,2,1.4,2.39,3.95,51.97
2026-04-30,H003,Sunrise Multi-Specialty Hospital,D04,Orthopedics,Specialty,35,24,68.57,8,7,0,0.0,0,0.0,9.11,6.12,3,7,4,1.375,2.85,4.3,68.5
2026-05-07,H001,CityCare General Hospital,D07,General Surgery,Surgical,40,25,62.5,8,5,2,25.0,0,0.0,1.68,22.35,3,9,5,1.75,1.68,3.66,76.25
2026-05-14,H002,Green Valley Medical Center,D03,Cardiology,Specialty,30,24,80.0,5,6,0,0.0,0,0.0,9.23,20.17,7,8,4,2.4,4.24,3.47,70.06
2026-05-21,H003,Sunrise Multi-Specialty Hospital,D06,Pediatrics,Medical,30,17,56.67,4,4,0,0.0,0,0.0,2.32,14.63,11,7,4,2.75,4.44,3.97,73.67
2026-05-28,H001,CityCare General Hospital,D02,General Medicine,Medical,50,35,70.0,12,12,0,0.0,0,0.0,8.91,12.54,3,12,5,1.417,2.01,4.35,70.69
2026-06-04,H002,Green Valley Medical Center,D05,ICU,Critical Care,20,12,60.0,8,10,0,0.0,2,20.0,5.6,43.93,5,2,2,0.5,0.76,4.22,74.98
2026-06-11,H003,Sunrise Multi-Specialty Hospital,D01,Emergency Department,Emergency,35,21,60.0,2,3,0,0.0,0,0.0,5.49,25.26,8,6,3,4.5,0.4,4.45,75.75
2026-06-18,H001,CityCare General Hospital,D04,Orthopedics,Specialty,35,22,62.86,12,12,1,8.33,0,0.0,4.34,27.1,5,10,2,1.0,2.76,3.81,73.32
2026-06-25,H002,Green Valley Medical Center,D07,General Surgery,Surgical,40,36,90.0,7,5,1,14.29,0,0.0,6.13,15.6,7,9,3,1.714,0.69,3.44,81.81
2026-01-03,H003,Sunrise Multi-Specialty Hospital,D03,Cardiology,Specialty,30,19,63.33,3,1,0,0.0,0,0.0,3.72,17.88,6,4,2,2.0,5.28,4.14,72.21
2026-01-10,H001,CityCare General Hospital,D06,Pediatrics,Medical,30,22,73.33,3,1,0,0.0,0,0.0,6.16,27.54,8,4,4,2.667,3.09,4.24,74.94
2026-01-17,H002,Green Valley Medical Center,D02,General Medicine,Medical,50,44,88.0,11,10,1,9.09,0,0.0,4.88,26.56,4,11,6,1.545,2.43,4.35,81.55
2026-01-24,H003,Sunrise Multi-Specialty Hospital,D05,ICU,Critical Care,20,11,55.0,9,9,0,0.0,1,11.11,7.38,29.25,6,3,2,0.556,0.56,3.97,70.44
2026-01-31,H001,CityCare General Hospital,D01,Emergency Department,Emergency,35,32,91.43,11,14,2,18.18,0,0.0,4.47,7.89,4,8,3,1.0,4.33,3.58,78.61
2026-02-07,H002,Green Valley Medical Center,D04,Orthopedics,Specialty,35,34,97.14,8,7,2,25.0,0,0.0,2.17,27.04,5,5,3,1.0,1.66,4.01,87.55
2026-02-14,H003,Sunrise Multi-Specialty Hospital,D07,General Surgery,Surgical,40,36,90.0,6,4,0,0.0,0,0.0,5.26,13.36,2,9,4,2.167,5.36,3.46,78.72
2026-02-21,H001,CityCare General Hospital,D03,Cardiology,Specialty,30,23,76.67,7,5,0,0.0,0,0.0,5.3,18.07,4,8,3,1.571,3.27,4.22,77.33
2026-02-28,H002,Green Valley Medical Center,D06,Pediatrics,Medical,30,14,46.67,4,5,2,50.0,0,0.0,1.73,23.81,1,6,3,2.25,0.62,4.39,67.32
2026-03-07,H003,Sunrise Multi-Specialty Hospital,D02,General Medicine,Medical,50,19,38.0,9,13,1,11.11,0,0.0,4.52,26.47,7,10,4,1.556,0.96,4.12,66.63
2026-03-14,H001,CityCare General Hospital,D05,ICU,Critical Care,20,13,65.0,2,3,0,0.0,1,33.33,2.27,15.78,5,7,2,4.5,0.0,4.45,83.78
2026-03-21,H002,Green Valley Medical Center,D01,Emergency Department,Emergency,35,20,57.14,8,10,0,0.0,0,0.0,4.29,25.41,5,6,4,1.25,3.96,3.35,71.16
2026-03-28,H003,Sunrise Multi-Specialty Hospital,D04,Orthopedics,Specialty,35,29,82.86,9,8,1,11.11,0,0.0,8.16,18.49,5,7,3,1.111,4.16,3.81,70.84
2026-04-04,H001,CityCare General Hospital,D07,General Surgery,Surgical,40,26,65.0,18,13,1,5.56,2,15.38,5.33,9.16,6,10,3,0.722,0.92,4.3,75.84
2026-04-11,H002,Green Valley Medical Center,D03,Cardiology,Specialty,30,12,40.0,4,4,0,0.0,0,0.0,2.85,29.36,5,9,2,2.75,0.99,4.08,72.43
2026-04-18,H003,Sunrise Multi-Specialty Hospital,D06,Pediatrics,Medical,30,24,80.0,1,3,0,0.0,0,0.0,1.6,16.19,9,4,4,8.0,2.03,4.1,86.95
2026-04-25,H001,CityCare General Hospital,D02,General Medicine,Medical,50,36,72.0,11,10,1,9.09,0,0.0,7.26,25.41,3,8,6,1.273,4.37,3.54,68.68
2026-05-02,H002,Green Valley Medical Center,D05,ICU,Critical Care,20,15,75.0,3,3,0,0.0,0,0.0,9.84,32.38,5,2,2,1.333,1.67,4.38,71.36
2026-05-09,H003,Sunrise Multi-Specialty Hospital,D01,Emergency Department,Emergency,35,26,74.29,6,7,2,33.33,0,0.0,7.3,15.02,2,5,3,1.333,2.09,4.13,68.22
2026-05-16,H001,CityCare General Hospital,D04,Orthopedics,Specialty,35,24,68.57,7,5,1,14.29,0,0.0,2.86,25.07,8,6,3,1.286,1.21,4.17,79.2
2026-05-23,H002,Green Valley Medical Center,D07,General Surgery,Surgical,40,32,80.0,11,9,1,9.09,0,0.0,5.92,14.0,3,10,3,1.182,0.66,4.67,79.77
2026-05-30,H003,Sunrise Multi-Specialty Hospital,D03,Cardiology,Specialty,30,26,86.67,9,5,3,33.33,0,0.0,8.28,17.44,5,7,2,1.0,0.06,4.02,74.08
2026-06-06,H001,CityCare General Hospital,D06,Pediatrics,Medical,30,20,66.67,12,7,2,16.67,1,14.29,4.92,23.9,5,5,2,0.583,0.74,4.19,75.21
2026-06-13,H002,Green Valley Medical Center,D02,General Medicine,Medical,50,22,44.0,12,11,3,25.0,0,0.0,5.36,4.34,8,11,4,1.25,2.23,4.07,62.45
2026-06-20,H003,Sunrise Multi-Specialty Hospital,D05,ICU,Critical Care,20,11,55.0,0,2,0,0.0,0,0.0,8.4,23.81,3,3,2,5.0,3.9,4.56,63.31
2026-06-27,H001,CityCare General Hospital,D01,Emergency Department,Emergency,35,25,71.43,12,11,1,8.33,1,9.09,8.57,5.93,5,8,3,0.917,1.71,3.64,70.6
2026-01-05,H002,Green Valley Medical Center,D04,Orthopedics,Specialty,35,33,94.29,8,5,2,25.0,0,0.0,4.39,16.01,6,5,3,1.0,3.29,4.07,80.06
2026-01-12,H003,Sunrise Multi-Specialty Hospital,D07,General Surgery,Surgical,40,27,67.5,7,6,0,0.0,0,0.0,5.9,24.18,5,11,5,2.286,2.2,3.98,74.78
2026-01-19,H001,CityCare General Hospital,D03,Cardiology,Specialty,30,27,90.0,6,5,0,0.0,0,0.0,2.87,28.14,8,9,3,2.0,1.46,3.66,89.14
2026-01-26,H002,Green Valley Medical Center,D06,Pediatrics,Medical,30,20,66.67,6,7,0,0.0,0,0.0,6.44,20.97,9,7,3,1.667,2.02,4.48,73.83
2026-02-02,H003,Sunrise Multi-Specialty Hospital,D02,General Medicine,Medical,50,37,74.0,9,7,2,22.22,0,0.0,2.4,19.95,6,9,6,1.667,2.67,4.04,77.98
2026-02-09,H001,CityCare General Hospital,D05,ICU,Critical Care,20,17,85.0,7,5,1,14.29,0,0.0,5.12,32.89,7,7,2,1.286,2.56,3.99,78.84
2026-02-16,H002,Green Valley Medical Center,D01,Emergency Department,Emergency,35,29,82.86,9,7,0,0.0,0,0.0,3.73,17.32,5,6,2,0.889,2.9,4.03,82.83
2026-02-23,H003,Sunrise Multi-Specialty Hospital,D04,Orthopedics,Specialty,35,23,65.71,5,4,1,20.0,0,0.0,4.85,21.43,6,10,2,2.4,0.0,4.02,75.51
2026-03-02,H001,CityCare General Hospital,D07,General Surgery,Surgical,40,25,62.5,9,6,1,11.11,0,0.0,3.45,28.84,2,11,5,1.778,2.12,3.93,75.22
2026-03-09,H002,Green Valley Medical Center,D03,Cardiology,Specialty,30,15,50.0,4,3,2,50.0,0,0.0,3.81,16.33,2,5,2,1.75,3.85,3.3,59.67
2026-03-16,H003,Sunrise Multi-Specialty Hospital,D06,Pediatrics,Medical,30,22,73.33,4,1,1,25.0,0,0.0,1.9,7.67,4,5,3,2.0,1.34,4.77,80.2
2026-03-23,H001,CityCare General Hospital,D02,General Medicine,Medical,50,31,62.0,9,6,0,0.0,1,16.67,3.84,11.72,4,12,4,1.778,2.85,4.73,75.42
2026-03-30,H002,Green Valley Medical Center,D05,ICU,Critical Care,20,14,70.0,3,3,0,0.0,0,0.0,10.85,36.81,6,4,2,2.0,3.49,3.93,64.93
2026-04-06,H003,Sunrise Multi-Specialty Hospital,D01,Emergency Department,Emergency,35,25,71.43,6,4,1,16.67,0,0.0,6.72,7.41,3,8,2,1.667,0.0,3.73,74.91
2026-04-13,H001,CityCare General Hospital,D04,Orthopedics,Specialty,35,14,40.0,4,7,1,25.0,0,0.0,2.9,29.66,9,8,3,2.75,0.57,3.83,68.01
2026-04-20,H002,Green Valley Medical Center,D07,General Surgery,Surgical,40,20,50.0,8,13,0,0.0,0,0.0,5.72,19.04,3,10,5,1.875,3.91,4.01,66.23
2026-04-27,H003,Sunrise Multi-Specialty Hospital,D03,Cardiology,Specialty,30,23,76.67,6,5,1,16.67,0,0.0,7.15,17.93,5,8,2,1.667,0.73,4.05,74.82
2026-05-04,H001,CityCare General Hospital,D06,Pediatrics,Medical,30,25,83.33,6,6,0,0.0,1,16.67,7.15,7.1,4,7,4,1.833,0.0,4.7,81.65
2026-05-11,H002,Green Valley Medical Center,D02,General Medicine,Medical,50,30,60.0,9,9,2,22.22,1,11.11,5.1,10.57,6,8,5,1.444,2.48,4.35,68.66
2026-05-18,H003,Sunrise Multi-Specialty Hospital,D05,ICU,Critical Care,20,18,90.0,4,4,1,25.0,0,0.0,8.74,18.21,5,5,2,1.75,1.65,4.48,73.56
2026-05-25,H001,CityCare General Hospital,D01,Emergency Department,Emergency,35,22,62.86,4,2,1,25.0,0,0.0,7.22,17.99,6,9,2,2.75,0.0,4.74,69.37
2026-06-01,H002,Green Valley Medical Center,D04,Orthopedics,Specialty,35,22,62.86,4,1,2,50.0,0,0.0,2.2,3.55,10,10,3,3.25,2.61,4.16,68.97
2026-06-08,H003,Sunrise Multi-Specialty Hospital,D07,General Surgery,Surgical,40,28,70.0,8,5,0,0.0,0,0.0,8.0,25.81,5,8,4,1.5,0.17,4.72,75.23
2026-06-15,H001,CityCare General Hospital,D03,Cardiology,Specialty,30,18,60.0,6,2,0,0.0,0,0.0,7.33,9.55,8,9,2,1.833,4.18,4.39,66.48
2026-06-22,H002,Green Valley Medical Center,D06,Pediatrics,Medical,30,26,86.67,5,6,0,0.0,0,0.0,2.14,23.4,2,7,3,2.0,2.38,3.84,87.78
2026-06-29,H003,Sunrise Multi-Specialty Hospital,D02,General Medicine,Medical,50,28,56.0,9,6,0,0.0,0,0.0,7.55,14.16,3,12,4,1.778,3.17,4.12,66.32
2026-01-07,H001,CityCare General Hospital,D05,ICU,Critical Care,20,10,50.0,4,2,0,0.0,0,0.0,7.98,10.77,4,3,2,1.25,0.3,3.68,68.05
2026-01-14,H002,Green Valley Medical Center,D01,Emergency Department,Emergency,35,30,85.71,5,9,0,0.0,0,0.0,8.64,9.65,6,9,2,2.2,4.11,4.52,73.3
2026-01-21,H003,Sunrise Multi-Specialty Hospital,D04,Orthopedics,Specialty,35,27,77.14,5,7,1,20.0,0,0.0,9.41,21.22,3,7,2,1.8,0.0,3.66,71.53
2026-01-28,H001,CityCare General Hospital,D07,General Surgery,Surgical,40,32,80.0,8,8,0,0.0,0,0.0,2.7,16.63,4,6,3,1.125,2.4,4.26,84.44
2026-02-04,H002,Green Valley Medical Center,D03,Cardiology,Specialty,30,25,83.33,5,6,0,0.0,0,0.0,5.18,19.82,4,8,2,2.0,2.45,4.59,81.18
2026-02-11,H003,Sunrise Multi-Specialty Hospital,D06,Pediatrics,Medical,30,21,70.0,7,6,0,0.0,0,0.0,5.87,20.59,4,4,4,1.143,1.97,4.27,76.08
2026-02-18,H001,CityCare General Hospital,D02,General Medicine,Medical,50,38,76.0,13,15,2,15.38,1,6.67,5.69,19.42,6,9,6,1.154,3.25,4.28,73.37
2026-02-25,H002,Green Valley Medical Center,D05,ICU,Critical Care,20,10,50.0,6,3,1,16.67,0,0.0,6.09,32.35,2,2,1,0.5,1.46,4.66,66.17
2026-03-04,H003,Sunrise Multi-Specialty Hospital,D01,Emergency Department,Emergency,35,27,77.14,9,5,2,22.22,0,0.0,8.02,14.42,7,5,3,0.889,0.82,4.09,72.21
2026-03-11,H001,CityCare General Hospital,D04,Orthopedics,Specialty,35,23,65.71,8,5,0,0.0,0,0.0,9.03,26.53,2,5,4,1.125,2.79,4.54,67.73
2026-03-18,H002,Green Valley Medical Center,D07,General Surgery,Surgical,40,32,80.0,15,8,1,6.67,0,0.0,7.33,12.97,4,8,4,0.8,1.62,4.37,76.25
2026-03-25,H003,Sunrise Multi-Specialty Hospital,D03,Cardiology,Specialty,30,20,66.67,7,8,1,14.29,0,0.0,4.35,9.28,7,7,2,1.286,1.76,4.36,75.05
2026-04-01,H001,CityCare General Hospital,D06,Pediatrics,Medical,30,22,73.33,6,3,0,0.0,0,0.0,8.52,24.77,4,8,3,1.833,2.27,4.48,72.12
2026-04-08,H002,Green Valley Medical Center,D02,General Medicine,Medical,50,40,80.0,15,15,0,0.0,0,0.0,3.43,23.51,10,10,6,1.067,1.06,4.05,85.3
2026-04-15,H003,Sunrise Multi-Specialty Hospital,D05,ICU,Critical Care,20,14,70.0,6,5,0,0.0,1,20.0,7.18,34.5,9,7,1,1.333,4.01,3.38,70.52
2026-04-22,H001,CityCare General Hospital,D01,Emergency Department,Emergency,35,16,45.71,5,2,0,0.0,0,0.0,2.35,17.85,4,5,4,1.8,4.76,4.47,69.27
2026-04-29,H002,Green Valley Medical Center,D04,Orthopedics,Specialty,35,21,60.0,11,12,2,18.18,0,0.0,5.07,11.43,5,9,4,1.182,1.98,3.99,70.32
2026-05-06,H003,Sunrise Multi-Specialty Hospital,D07,General Surgery,Surgical,40,27,67.5,13,11,2,15.38,0,0.0,4.28,19.72,7,7,3,0.769,1.87,3.42,75.07
2026-05-13,H001,CityCare General Hospital,D03,Cardiology,Specialty,30,28,93.33,4,2,1,25.0,0,0.0,3.08,19.75,8,9,3,3.0,1.43,3.78,84.99
2026-05-20,H002,Green Valley Medical Center,D06,Pediatrics,Medical,30,24,80.0,5,9,1,20.0,1,11.11,7.22,17.15,4,8,3,2.2,3.28,4.78,71.12
2026-05-27,H003,Sunrise Multi-Specialty Hospital,D02,General Medicine,Medical,50,36,72.0,8,6,1,12.5,0,0.0,8.11,16.36,4,9,4,1.625,3.96,4.29,67.17
2026-06-03,H001,CityCare General Hospital,D05,ICU,Critical Care,20,15,75.0,4,1,1,25.0,0,0.0,11.56,18.13,5,5,3,2.0,4.19,4.14,59.32
2026-06-10,H002,Green Valley Medical Center,D01,Emergency Department,Emergency,35,19,54.29,9,8,1,11.11,0,0.0,3.92,25.48,2,7,3,1.111,2.29,4.24,71.26
2026-06-17,H003,Sunrise Multi-Specialty Hospital,D04,Orthopedics,Specialty,35,25,71.43,7,3,0,0.0,0,0.0,5.26,28.19,5,7,2,1.286,4.65,4.98,73.36
2026-06-24,H001,CityCare General Hospital,D07,General Surgery,Surgical,40,35,87.5,8,12,1,12.5,1,8.33,3.9,26.26,4,6,3,1.125,2.77,4.5,81.87
2026-01-02,H002,Green Valley Medical Center,D03,Cardiology,Specialty,30,23,76.67,11,8,0,0.0,0,0.0,5.72,7.59,5,8,3,1.0,0.13,4.35,81.62
2026-01-09,H003,Sunrise Multi-Specialty Hospital,D06,Pediatrics,Medical,30,25,83.33,12,7,1,8.33,2,28.57,6.39,24.23,8,4,3,0.583,2.6,3.6,77.16
2026-01-16,H001,CityCare General Hospital,D02,General Medicine,Medical,50,29,58.0,10,12,2,20.0,0,0.0,3.07,10.24,3,11,6,1.7,1.2,3.96,74.01
2026-01-23,H002,Green Valley Medical Center,D05,ICU,Critical Care,20,14,70.0,3,2,1,33.33,0,0.0,7.99,42.52,3,4,3,2.333,0.75,3.98,67.65
2026-01-30,H003,Sunrise Multi-Specialty Hospital,D01,Emergency Department,Emergency,35,30,85.71,6,8,1,16.67,0,0.0,4.73,23.96,4,6,4,1.667,3.11,4.31,78.41
2026-02-06,H001,CityCare General Hospital,D04,Orthopedics,Specialty,35,33,94.29,5,8,0,0.0,0,0.0,4.05,14.45,6,9,2,2.2,1.36,3.58,88.74
2026-02-13,H002,Green Valley Medical Center,D07,General Surgery,Surgical,40,26,65.0,11,11,2,18.18,0,0.0,7.53,14.7,2,7,3,0.909,3.14,3.45,65.91
2026-02-20,H003,Sunrise Multi-Specialty Hospital,D03,Cardiology,Specialty,30,20,66.67,8,7,1,12.5,0,0.0,2.86,27.44,2,4,4,1.0,3.56,4.54,75.13
2026-02-27,H001,CityCare General Hospital,D06,Pediatrics,Medical,30,26,86.67,8,7,0,0.0,1,14.29,3.03,24.46,6,5,4,1.125,2.85,4.52,85.47
2026-03-06,H002,Green Valley Medical Center,D02,General Medicine,Medical,50,36,72.0,5,2,0,0.0,0,0.0,7.55,8.89,5,11,6,3.4,2.61,4.08,72.81
2026-03-13,H003,Sunrise Multi-Specialty Hospital,D05,ICU,Critical Care,20,12,60.0,4,5,0,0.0,0,0.0,5.17,10.32,4,6,2,2.0,0.81,4.25,75.66
2026-03-20,H001,CityCare General Hospital,D01,Emergency Department,Emergency,35,14,40.0,5,10,1,20.0,0,0.0,5.34,16.0,5,9,2,2.2,4.22,3.95,58.9
2026-03-27,H002,Green Valley Medical Center,D04,Orthopedics,Specialty,35,21,60.0,7,7,1,14.29,0,0.0,2.59,8.47,7,5,4,1.286,0.78,3.34,77.36
2026-04-03,H003,Sunrise Multi-Specialty Hospital,D07,General Surgery,Surgical,40,36,90.0,3,0,0,0.0,0,0.0,6.2,20.14,9,6,4,3.333,1.77,3.68,82.82
2026-04-10,H001,CityCare General Hospital,D03,Cardiology,Specialty,30,15,50.0,10,19,1,10.0,1,5.26,5.45,26.14,5,7,4,1.1,0.72,3.93,69.81
2026-04-17,H002,Green Valley Medical Center,D06,Pediatrics,Medical,30,19,63.33,12,6,2,16.67,0,0.0,1.96,4.81,5,8,3,0.917,3.35,4.89,75.04
2026-04-24,H003,Sunrise Multi-Specialty Hospital,D02,General Medicine,Medical,50,31,62.0,8,5,1,12.5,0,0.0,4.12,20.77,2,11,4,1.875,2.13,3.78,73.58
2026-05-01,H001,CityCare General Hospital,D05,ICU,Critical Care,20,14,70.0,1,3,0,0.0,0,0.0,11.48,7.9,5,5,2,7.0,1.5,4.81,67.01
2026-05-08,H002,Green Valley Medical Center,D01,Emergency Department,Emergency,35,20,57.14,5,2,0,0.0,0,0.0,3.6,12.76,1,8,4,2.4,0.64,3.79,77.68
2026-05-15,H003,Sunrise Multi-Specialty Hospital,D04,Orthopedics,Specialty,35,23,65.71,4,6,0,0.0,0,0.0,5.62,18.38,3,8,2,2.5,1.34,4.2,76.02
2026-05-22,H001,CityCare General Hospital,D07,General Surgery,Surgical,40,32,80.0,11,16,0,0.0,0,0.0,2.5,24.51,6,8,5,1.182,3.15,4.26,83.58
2026-05-29,H002,Green Valley Medical Center,D03,Cardiology,Specialty,30,23,76.67,6,5,0,0.0,0,0.0,5.34,19.17,6,7,3,1.667,3.22,4.5,77.34
2026-06-05,H003,Sunrise Multi-Specialty Hospital,D06,Pediatrics,Medical,30,21,70.0,11,9,0,0.0,0,0.0,7.42,25.42,8,8,4,1.091,0.18,4.33,76.23
2026-06-12,H001,CityCare General Hospital,D02,General Medicine,Medical,50,33,66.0,7,10,0,0.0,0,0.0,3.08,29.22,2,12,4,2.286,1.93,4.22,79.62
2026-06-19,H002,Green Valley Medical Center,D05,ICU,Critical Care,20,16,80.0,4,2,1,25.0,1,50.0,10.04,46.83,2,2,2,1.0,1.55,4.32,67.95
2026-06-26,H003,Sunrise Multi-Specialty Hospital,D01,Emergency Department,Emergency,35,31,88.57,6,3,0,0.0,0,0.0,3.37,4.45,4,6,3,1.5,1.91,3.44,87.05
2026-01-04,H001,CityCare General Hospital,D04,Orthopedics,Specialty,35,23,65.71,12,9,2,16.67,0,0.0,2.15,11.06,5,10,4,1.167,0.0,4.28,80.9
2026-01-11,H002,Green Valley Medical Center,D07,General Surgery,Surgical,40,24,60.0,10,10,0,0.0,1,10.0,1.67,15.82,6,10,5,1.5,1.19,4.8,81.17
2026-01-18,H003,Sunrise Multi-Specialty Hospital,D03,Cardiology,Specialty,30,18,60.0,4,3,0,0.0,0,0.0,8.06,13.28,2,4,4,2.0,3.72,4.46,65.94
2026-01-25,H001,CityCare General Hospital,D06,Pediatrics,Medical,30,14,46.67,7,10,0,0.0,0,0.0,1.9,16.28,4,5,4,1.286,0.77,4.67,76.78
2026-02-01,H002,Green Valley Medical Center,D02,General Medicine,Medical,50,37,74.0,12,8,0,0.0,0,0.0,2.58,16.34,2,12,4,1.333,4.78,4.24,78.74
2026-02-08,H003,Sunrise Multi-Specialty Hospital,D05,ICU,Critical Care,20,14,70.0,8,12,0,0.0,0,0.0,4.33,35.19,11,7,2,1.125,2.16,4.56,78.47
2026-02-15,H001,CityCare General Hospital,D01,Emergency Department,Emergency,35,28,80.0,12,15,0,0.0,0,0.0,5.96,21.48,2,6,3,0.75,4.46,4.3,75.43
2026-02-22,H002,Green Valley Medical Center,D04,Orthopedics,Specialty,35,19,54.29,10,12,0,0.0,0,0.0,5.88,17.39,3,7,4,1.1,2.67,4.83,69.44
2026-03-01,H003,Sunrise Multi-Specialty Hospital,D07,General Surgery,Surgical,40,33,82.5,6,9,0,0.0,1,11.11,4.75,16.97,7,6,4,1.667,1.04,3.97,83.9
2026-03-08,H001,CityCare General Hospital,D03,Cardiology,Specialty,30,26,86.67,5,5,0,0.0,0,0.0,7.11,14.4,7,6,2,1.6,1.86,4.27,79.92
2026-03-15,H002,Green Valley Medical Center,D06,Pediatrics,Medical,30,18,60.0,3,2,0,0.0,0,0.0,2.81,27.68,5,4,4,2.667,3.35,4.56,75.72
2026-03-22,H003,Sunrise Multi-Specialty Hospital,D02,General Medicine,Medical,50,30,60.0,13,10,2,15.38,0,0.0,7.79,10.63,2,8,6,1.077,3.74,3.47,63.31
2026-03-29,H001,CityCare General Hospital,D05,ICU,Critical Care,20,13,65.0,6,7,0,0.0,1,14.29,4.65,10.49,4,7,2,1.5,3.66,3.59,73.76
2026-04-05,H002,Green Valley Medical Center,D01,Emergency Department,Emergency,35,18,51.43,3,3,0,0.0,0,0.0,7.63,11.26,4,7,3,3.333,2.57,3.82,65.54
2026-04-12,H003,Sunrise Multi-Specialty Hospital,D04,Orthopedics,Specialty,35,20,57.14,6,7,2,33.33,0,0.0,2.55,27.89,5,8,4,2.0,2.87,3.84,69.28
2026-04-19,H001,CityCare General Hospital,D07,General Surgery,Surgical,40,33,82.5,10,10,0,0.0,0,0.0,6.28,7.64,5,8,3,1.1,1.45,3.59,80.56
2026-04-26,H002,Green Valley Medical Center,D03,Cardiology,Specialty,30,21,70.0,13,14,1,7.69,0,0.0,2.52,3.33,4,9,4,1.0,0.48,3.6,82.78
2026-05-03,H003,Sunrise Multi-Specialty Hospital,D06,Pediatrics,Medical,30,25,83.33,9,7,1,11.11,0,0.0,9.15,9.05,4,5,3,0.889,2.59,4.12,71.79
2026-05-10,H001,CityCare General Hospital,D02,General Medicine,Medical,50,42,84.0,14,15,3,21.43,1,6.67,9.37,26.39,6,11,6,1.214,0.89,4.04,72.29
2026-05-17,H002,Green Valley Medical Center,D05,ICU,Critical Care,20,17,85.0,4,2,1,25.0,0,0.0,9.53,11.25,7,7,1,2.0,3.17,4.41,68.0
2026-05-24,H003,Sunrise Multi-Specialty Hospital,D01,Emergency Department,Emergency,35,13,37.14,12,12,2,16.67,0,0.0,9.29,12.84,7,9,3,1.0,1.12,3.95,56.62
2026-05-31,H001,CityCare General Hospital,D04,Orthopedics,Specialty,35,17,48.57,6,8,2,33.33,0,0.0,6.87,9.4,7,9,2,1.833,3.2,4.29,58.19
2026-06-07,H002,Green Valley Medical Center,D07,General Surgery,Surgical,40,27,67.5,6,8,0,0.0,1,12.5,3.37,17.79,4,10,5,2.5,1.3,3.81,80.65
2026-06-14,H003,Sunrise Multi-Specialty Hospital,D03,Cardiology,Specialty,30,27,90.0,10,11,1,10.0,0,0.0,7.23,20.72,4,7,4,1.1,1.41,4.03,79.59
2026-06-21,H001,CityCare General Hospital,D06,Pediatrics,Medical,30,14,46.67,5,4,1,20.0,0,0.0,5.49,15.28,1,4,4,1.6,0.0,4.76,67.73
2026-06-28,H002,Green Valley Medical Center,D02,General Medicine,Medical,50,40,80.0,9,13,0,0.0,0,0.0,6.52,15.99,9,8,6,1.556,0.37,3.77,81.0
2026-01-06,H003,Sunrise Multi-Specialty Hospital,D05,ICU,Critical Care,20,17,85.0,8,12,2,25.0,2,16.67,8.68,38.9,4,4,1,0.625,1.16,4.27,72.7
2026-01-13,H001,CityCare General Hospital,D01,Emergency Department,Emergency,35,25,71.43,10,13,1,10.0,0,0.0,1.63,9.79,5,5,3,0.8,2.23,3.49,81.58
2026-01-20,H002,Green Valley Medical Center,D04,Orthopedics,Specialty,35,28,80.0,12,17,0,0.0,0,0.0,7.56,4.37,4,6,4,0.833,3.12,3.46,74.78
2026-01-27,H003,Sunrise Multi-Specialty Hospital,D07,General Surgery,Surgical,40,36,90.0,13,15,2,15.38,1,6.67,8.08,15.77,5,6,5,0.846,1.69,3.67,76.58
2026-02-03,H001,CityCare General Hospital,D03,Cardiology,Specialty,30,28,93.33,4,2,0,0.0,0,0.0,2.15,8.1,5,7,2,2.25,3.56,4.17,88.21
2026-02-10,H002,Green Valley Medical Center,D06,Pediatrics,Medical,30,27,90.0,4,5,0,0.0,0,0.0,2.03,17.02,6,5,4,2.25,3.38,3.81,87.54
2026-02-17,H003,Sunrise Multi-Specialty Hospital,D02,General Medicine,Medical,50,29,58.0,9,9,0,0.0,0,0.0,3.52,28.59,4,9,6,1.667,1.72,4.13,76.39
2026-02-24,H001,CityCare General Hospital,D05,ICU,Critical Care,20,11,55.0,4,4,0,0.0,1,25.0,5.21,12.48,3,7,2,2.25,1.2,4.04,73.21
2026-03-03,H002,Green Valley Medical Center,D01,Emergency Department,Emergency,35,30,85.71,10,10,1,10.0,0,0.0,4.99,5.34,7,6,4,1.0,2.54,4.62,80.2
2026-03-10,H003,Sunrise Multi-Specialty Hospital,D04,Orthopedics,Specialty,35,17,48.57,10,9,1,10.0,0,0.0,2.58,16.97,6,9,2,1.1,1.93,4.15,72.4
2026-03-17,H001,CityCare General Hospital,D07,General Surgery,Surgical,40,33,82.5,8,7,0,0.0,1,14.29,7.98,21.74,7,8,5,1.625,0.54,3.62,79.05
2026-03-24,H002,Green Valley Medical Center,D03,Cardiology,Specialty,30,12,40.0,5,4,1,20.0,0,0.0,3.05,29.63,2,4,3,1.4,2.34,4.4,65.92
2026-03-31,H003,Sunrise Multi-Specialty Hospital,D06,Pediatrics,Medical,30,27,90.0,5,5,0,0.0,0,0.0,4.77,11.57,1,6,3,1.8,2.16,4.38,84.7
2026-04-07,H001,CityCare General Hospital,D02,General Medicine,Medical,50,45,90.0,4,5,0,0.0,0,0.0,3.01,14.08,3,10,4,3.5,0.0,3.98,91.23
2026-04-14,H002,Green Valley Medical Center,D05,ICU,Critical Care,20,18,90.0,5,6,1,20.0,0,0.0,4.73,15.86,8,7,2,1.8,1.86,4.07,81.25
2026-04-21,H003,Sunrise Multi-Specialty Hospital,D01,Emergency Department,Emergency,35,32,91.43,7,4,2,28.57,0,0.0,6.27,28.09,6,7,2,1.286,0.01,4.41,80.3
2026-04-28,H001,CityCare General Hospital,D04,Orthopedics,Specialty,35,14,40.0,9,8,0,0.0,0,0.0,6.64,15.29,4,7,2,1.0,3.19,4.49,62.28
2026-05-05,H002,Green Valley Medical Center,D07,General Surgery,Surgical,40,22,55.0,12,13,1,8.33,0,0.0,7.35,25.45,6,9,5,1.167,3.14,4.37,64.7
2026-05-12,H003,Sunrise Multi-Specialty Hospital,D03,Cardiology,Specialty,30,15,50.0,4,4,1,25.0,0,0.0,4.75,4.08,5,7,3,2.5,4.38,4.32,62.18
2026-05-19,H001,CityCare General Hospital,D06,Pediatrics,Medical,30,21,70.0,8,9,0,0.0,0,0.0,7.23,14.66,4,4,2,0.75,1.78,4.0,74.0
2026-05-26,H002,Green Valley Medical Center,D02,General Medicine,Medical,50,41,82.0,11,3,0,0.0,0,0.0,8.87,18.12,4,11,4,1.364,3.15,4.61,73.14
2026-06-02,H003,Sunrise Multi-Specialty Hospital,D05,ICU,Critical Care,20,9,45.0,8,11,1,12.5,0,0.0,3.81,18.19,2,5,2,0.875,3.01,4.09,66.77
2026-06-09,H001,CityCare General Hospital,D01,Emergency Department,Emergency,35,28,80.0,4,2,0,0.0,0,0.0,7.01,29.22,8,6,4,2.5,1.94,3.81,77.63
2026-06-16,H002,Green Valley Medical Center,D04,Orthopedics,Specialty,35,27,77.14,6,6,0,0.0,0,0.0,4.15,22.5,7,10,3,2.167,2.81,2.93,80.24
2026-06-23,H003,Sunrise Multi-Specialty Hospital,D07,General Surgery,Surgical,40,27,67.5,14,11,0,0.0,0,0.0,4.24,18.35,3,7,4,0.786,2.98,3.99,76.44
2026-01-01,H001,CityCare General Hospital,D03,Cardiology,Specialty,30,16,53.33,6,5,0,0.0,0,0.0,7.7,14.97,4,9,3,2.0,1.14,3.8,68.37
2026-01-08,H002,Green Valley Medical Center,D06,Pediatrics,Medical,30,16,53.33,6,3,0,0.0,0,0.0,4.19,23.87,7,4,3,1.167,1.7,4.06,73.61
2026-01-15,H003,Sunrise Multi-Specialty Hospital,D02,General Medicine,Medical,50,34,68.0,8,6,1,12.5,0,0.0,4.96,18.14,5,13,6,2.375,0.0,3.65,77.62
2026-01-22,H001,CityCare General Hospital,D05,ICU,Critical Care,20,16,80.0,4,3,0,0.0,0,0.0,7.95,11.46,3,4,3,1.75,3.53,4.45,73.44
2026-01-29,H002,Green Valley Medical Center,D01,Emergency Department,Emergency,35,28,80.0,7,6,0,0.0,2,33.33,3.06,19.48,4,9,2,1.571,1.64,4.15,85.02
2026-02-05,H003,Sunrise Multi-Specialty Hospital,D04,Orthopedics,Specialty,35,22,62.86,12,8,0,0.0,0,0.0,6.83,10.36,2,6,2,0.667,1.94,3.99,71.94
2026-02-12,H001,CityCare General Hospital,D07,General Surgery,Surgical,40,36,90.0,9,12,0,0.0,0,0.0,3.65,18.37,6,9,3,1.333,0.0,4.18,90.11
2026-02-19,H002,Green Valley Medical Center,D03,Cardiology,Specialty,30,27,90.0,6,5,0,0.0,0,0.0,3.45,27.1,7,9,4,2.167,0.0,4.63,90.46
2026-02-26,H003,Sunrise Multi-Specialty Hospital,D06,Pediatrics,Medical,30,22,73.33,9,3,1,11.11,0,0.0,3.82,11.95,0,9,3,1.333,0.63,3.82,80.75
2026-03-05,H001,CityCare General Hospital,D02,General Medicine,Medical,50,30,60.0,13,20,3,23.08,0,0.0,6.79,10.19,5,8,5,1.0,3.95,4.24,63.18
2026-03-12,H002,Green Valley Medical Center,D05,ICU,Critical Care,20,14,70.0,6,9,0,0.0,0,0.0,9.87,35.92,4,2,1,0.5,0.93,4.69,70.74
2026-03-19,H003,Sunrise Multi-Specialty Hospital,D01,Emergency Department,Emergency,35,24,68.57,10,13,0,0.0,0,0.0,4.42,26.76,5,7,2,0.9,2.52,4.42,77.23
2026-03-26,H001,CityCare General Hospital,D04,Orthopedics,Specialty,35,23,65.71,8,8,0,0.0,0,0.0,5.56,9.43,4,9,2,1.375,1.74,4.33,75.48
2026-04-02,H002,Green Valley Medical Center,D07,General Surgery,Surgical,40,30,75.0,13,16,1,7.69,1,6.25,4.05,7.33,9,7,3,0.769,0.89,3.47,81.2
2026-04-09,H003,Sunrise Multi-Specialty Hospital,D03,Cardiology,Specialty,30,22,73.33,3,8,0,0.0,0,0.0,6.73,19.75,4,5,4,3.0,3.17,4.09,73.82
2026-04-16,H001,CityCare General Hospital,D06,Pediatrics,Medical,30,27,90.0,6,3,1,16.67,0,0.0,8.65,8.02,4,6,3,1.5,3.39,4.35,72.61
2026-04-23,H002,Green Valley Medical Center,D02,General Medicine,Medical,50,46,92.0,8,5,0,0.0,0,0.0,5.57,14.84,4,9,6,1.875,4.6,3.43,80.09
2026-04-30,H003,Sunrise Multi-Specialty Hospital,D05,ICU,Critical Care,20,18,90.0,4,4,0,0.0,0,0.0,4.46,47.61,3,6,3,2.25,1.45,4.25,86.38
2026-05-07,H001,CityCare General Hospital,D01,Emergency Department,Emergency,35,22,62.86,9,7,0,0.0,0,0.0,6.34,7.55,4,5,3,0.889,4.66,4.19,68.45
2026-05-14,H002,Green Valley Medical Center,D04,Orthopedics,Specialty,35,19,54.29,9,4,4,44.44,0,0.0,8.2,8.75,6,6,4,1.111,1.19,4.03,58.86
2026-05-21,H003,Sunrise Multi-Specialty Hospital,D07,General Surgery,Surgical,40,20,50.0,8,3,0,0.0,0,0.0,5.58,11.17,5,11,4,1.875,2.03,4.01,69.49
2026-05-28,H001,CityCare General Hospital,D03,Cardiology,Specialty,30,29,96.67,11,7,0,0.0,0,0.0,2.43,28.65,5,9,3,1.091,3.68,4.35,88.69
2026-06-04,H002,Green Valley Medical Center,D06,Pediatrics,Medical,30,23,76.67,7,6,1,14.29,0,0.0,6.55,18.58,5,5,3,1.143,4.65,4.48,70.07
2026-06-11,H003,Sunrise Multi-Specialty Hospital,D02,General Medicine,Medical,50,42,84.0,11,6,3,27.27,0,0.0,4.95,4.68,7,12,6,1.636,1.93,3.96,77.19
2026-06-18,H001,CityCare General Hospital,D05,ICU,Critical Care,20,16,80.0,2,0,0,0.0,0,0.0,3.37,37.84,6,3,3,3.0,2.15,3.48,83.66
2026-06-25,H002,Green Valley Medical Center,D01,Emergency Department,Emergency,35,33,94.29,4,3,0,0.0,0,0.0,6.9,24.14,7,5,4,2.25,1.68,3.68,83.24
2026-01-03,H003,Sunrise Multi-Specialty Hospital,D04,Orthopedics,Specialty,35,15,42.86,4,4,0,0.0,0,0.0,1.82,4.39,6,5,4,2.25,1.78,3.12,73.97
2026-01-10,H001,CityCare General Hospital,D07,General Surgery,Surgical,40,18,45.0,6,8,1,16.67,0,0.0,8.04,20.59,3,9,3,2.0,3.66,3.9,57.49
2026-01-17,H002,Green Valley Medical Center,D03,Cardiology,Specialty,30,26,86.67,1,3,0,0.0,0,0.0,7.73,19.35,6,7,2,9.0,5.29,3.67,73.34
2026-01-24,H003,Sunrise Multi-Specialty Hospital,D06,Pediatrics,Medical,30,11,36.67,7,10,0,0.0,0,0.0,1.72,9.21,6,9,2,1.571,2.93,4.46,70.14
2026-01-31,H001,CityCare General Hospital,D02,General Medicine,Medical,50,38,76.0,7,4,0,0.0,1,25.0,8.02,27.23,8,10,6,2.286,3.42,3.98,72.09
2026-02-07,H002,Green Valley Medical Center,D05,ICU,Critical Care,20,17,85.0,5,4,0,0.0,1,25.0,9.21,33.05,1,6,1,1.4,1.56,4.58,76.14
2026-02-14,H003,Sunrise Multi-Specialty Hospital,D01,Emergency Department,Emergency,35,28,80.0,6,1,2,33.33,0,0.0,2.12,19.18,3,8,3,1.833,0.32,3.94,82.11
2026-02-21,H001,CityCare General Hospital,D04,Orthopedics,Specialty,35,19,54.29,7,2,0,0.0,0,0.0,6.03,21.46,4,8,3,1.571,0.22,4.34,73.1
2026-02-28,H002,Green Valley Medical Center,D07,General Surgery,Surgical,40,35,87.5,3,2,0,0.0,0,0.0,4.83,25.65,10,11,3,4.667,3.29,4.7,81.91
2026-03-07,H003,Sunrise Multi-Specialty Hospital,D03,Cardiology,Specialty,30,20,66.67,10,3,2,20.0,0,0.0,5.25,25.83,5,8,4,1.2,0.82,3.71,73.83
2026-03-14,H001,CityCare General Hospital,D06,Pediatrics,Medical,30,25,83.33,7,8,0,0.0,0,0.0,9.34,6.2,4,9,2,1.571,4.21,3.99,71.08
2026-03-21,H002,Green Valley Medical Center,D02,General Medicine,Medical,50,36,72.0,7,9,2,28.57,0,0.0,2.05,19.08,4,11,5,2.286,1.91,3.81,77.84
2026-03-28,H003,Sunrise Multi-Specialty Hospital,D05,ICU,Critical Care,20,13,65.0,1,2,0,0.0,0,0.0,10.51,10.28,7,2,2,4.0,1.17,3.94,67.49
2026-04-04,H001,CityCare General Hospital,D01,Emergency Department,Emergency,35,22,62.86,8,2,1,12.5,0,0.0,1.79,3.09,7,8,2,1.25,4.35,4.18,74.41
2026-04-11,H002,Green Valley Medical Center,D04,Orthopedics,Specialty,35,26,74.29,6,10,0,0.0,1,10.0,4.26,13.11,6,9,4,2.167,1.99,3.07,80.36
2026-04-18,H003,Sunrise Multi-Specialty Hospital,D07,General Surgery,Surgical,40,32,80.0,7,8,2,28.57,0,0.0,5.27,16.46,4,9,5,2.0,1.83,4.36,75.14
2026-04-25,H001,CityCare General Hospital,D03,Cardiology,Specialty,30,27,90.0,6,5,1,16.67,0,0.0,1.82,11.91,7,8,4,2.0,3.5,4.43,84.38
2026-05-02,H002,Green Valley Medical Center,D06,Pediatrics,Medical,30,29,96.67,3,4,1,33.33,0,0.0,2.87,20.03,3,8,4,4.0,2.85,3.49,82.59
2026-05-09,H003,Sunrise Multi-Specialty Hospital,D02,General Medicine,Medical,50,33,66.0,17,17,2,11.76,0,0.0,4.02,22.8,7,8,6,0.824,3.45,4.02,73.19
2026-05-16,H001,CityCare General Hospital,D05,ICU,Critical Care,20,12,60.0,6,4,1,16.67,0,0.0,10.34,18.38,3,7,2,1.5,0.26,4.17,64.16
2026-05-23,H002,Green Valley Medical Center,D01,Emergency Department,Emergency,35,28,80.0,4,3,1,25.0,0,0.0,6.73,26.7,3,5,2,1.75,3.54,4.14,70.56
2026-05-30,H003,Sunrise Multi-Specialty Hospital,D04,Orthopedics,Specialty,35,21,60.0,4,4,2,50.0,0,0.0,5.83,15.86,3,6,2,2.0,4.88,3.94,57.99
2026-06-06,H001,CityCare General Hospital,D07,General Surgery,Surgical,40,33,82.5,6,5,1,16.67,0,0.0,8.97,12.93,4,7,4,1.833,0.24,4.16,74.46
2026-06-13,H002,Green Valley Medical Center,D03,Cardiology,Specialty,30,26,86.67,4,3,0,0.0,0,0.0,3.18,27.98,4,5,2,1.75,3.37,3.91,84.38
2026-06-20,H003,Sunrise Multi-Specialty Hospital,D06,Pediatrics,Medical,30,21,70.0,7,8,1,14.29,1,12.5,6.83,14.11,8,7,2,1.286,1.18,4.22,72.8
2026-06-27,H001,CityCare General Hospital,D02,General Medicine,Medical,50,30,60.0,7,7,0,0.0,0,0.0,4.89,9.19,5,10,5,2.143,2.33,4.02,73.71
2026-01-05,H002,Green Valley Medical Center,D05,ICU,Critical Care,20,15,75.0,2,0,0,0.0,0,0.0,10.8,30.82,5,3,3,3.0,2.54,4.75,68.29
2026-01-12,H003,Sunrise Multi-Specialty Hospital,D01,Emergency Department,Emergency,35,22,62.86,5,7,0,0.0,0,0.0,8.19,25.4,1,9,4,2.6,2.42,4.11,68.8
2026-01-19,H001,CityCare General Hospital,D04,Orthopedics,Specialty,35,29,82.86,8,6,0,0.0,1,16.67,4.66,27.33,5,7,2,1.125,0.95,4.81,84.33
2026-01-26,H002,Green Valley Medical Center,D07,General Surgery,Surgical,40,20,50.0,6,1,1,16.67,0,0.0,3.41,19.27,5,9,5,2.333,3.81,4.21,67.1
2026-02-02,H003,Sunrise Multi-Specialty Hospital,D03,Cardiology,Specialty,30,18,60.0,5,6,0,0.0,0,0.0,3.94,24.06,4,7,2,1.8,1.61,4.58,76.53
2026-02-09,H001,CityCare General Hospital,D06,Pediatrics,Medical,30,24,80.0,4,3,1,25.0,0,0.0,7.16,18.62,7,6,2,2.0,2.65,3.52,71.23
2026-02-16,H002,Green Valley Medical Center,D02,General Medicine,Medical,50,34,68.0,10,11,0,0.0,0,0.0,2.08,9.57,1,12,4,1.6,2.05,3.83,81.88
2026-02-23,H003,Sunrise Multi-Specialty Hospital,D05,ICU,Critical Care,20,17,85.0,3,5,0,0.0,0,0.0,11.07,3.45,5,3,2,1.667,2.8,4.14,70.9
2026-03-02,H001,CityCare General Hospital,D01,Emergency Department,Emergency,35,23,65.71,5,5,0,0.0,0,0.0,7.23,11.36,3,7,4,2.2,2.81,4.06,70.85
2026-03-09,H002,Green Valley Medical Center,D04,Orthopedics,Specialty,35,22,62.86,7,2,0,0.0,0,0.0,7.23,4.38,3,8,2,1.429,4.15,3.98,67.71
2026-03-16,H003,Sunrise Multi-Specialty Hospital,D07,General Surgery,Surgical,40,36,90.0,7,6,0,0.0,0,0.0,8.96,11.14,10,10,4,2.0,2.77,4.3,76.39
2026-03-23,H001,CityCare General Hospital,D03,Cardiology,Specialty,30,13,43.33,6,5,0,0.0,0,0.0,7.58,26.6,3,5,3,1.333,2.7,3.82,62.58
2026-03-30,H002,Green Valley Medical Center,D06,Pediatrics,Medical,30,25,83.33,8,7,1,12.5,0,0.0,3.94,13.77,2,6,2,1.0,1.87,4.32,81.78
2026-04-06,H003,Sunrise Multi-Specialty Hospital,D02,General Medicine,Medical,50,29,58.0,8,9,1,12.5,0,0.0,5.54,6.83,6,12,4,2.0,2.15,3.84,69.66
2026-04-13,H001,CityCare General Hospital,D05,ICU,Critical Care,20,20,100.0,2,0,0,0.0,0,0.0,9.65,38.08,2,7,3,5.0,0.73,3.91,81.94
2026-04-20,H002,Green Valley Medical Center,D01,Emergency Department,Emergency,35,21,60.0,7,3,1,14.29,0,0.0,6.82,4.2,10,10,2,1.714,0.56,5.0,70.31
2026-04-27,H003,Sunrise Multi-Specialty Hospital,D04,Orthopedics,Specialty,35,25,71.43,6,3,0,0.0,0,0.0,3.25,24.39,5,8,3,1.833,0.17,4.2,84.04
2026-05-04,H001,CityCare General Hospital,D07,General Surgery,Surgical,40,27,67.5,5,5,0,0.0,0,0.0,7.69,21.21,4,7,5,2.4,0.4,4.33,74.53
2026-05-11,H002,Green Valley Medical Center,D03,Cardiology,Specialty,30,24,80.0,6,2,0,0.0,0,0.0,1.84,25.45,4,9,4,2.167,2.57,4.81,85.67
2026-05-18,H003,Sunrise Multi-Specialty Hospital,D06,Pediatrics,Medical,30,27,90.0,11,9,4,36.36,0,0.0,5.84,24.35,5,9,2,1.0,0.0,4.64,79.01
2026-05-25,H001,CityCare General Hospital,D02,General Medicine,Medical,50,42,84.0,10,7,1,10.0,0,0.0,5.47,11.11,6,8,6,1.4,2.72,3.73,78.48
2026-06-01,H002,Green Valley Medical Center,D05,ICU,Critical Care,20,14,70.0,6,3,0,0.0,0,0.0,11.63,27.83,3,2,1,0.5,3.05,4.22,64.27
2026-06-08,H003,Sunrise Multi-Specialty Hospital,D01,Emergency Department,Emergency,35,31,88.57,8,7,1,12.5,0,0.0,8.58,21.67,4,8,2,1.25,1.54,5.0,76.02
2026-06-15,H001,CityCare General Hospital,D04,Orthopedics,Specialty,35,23,65.71,4,2,0,0.0,0,0.0,1.88,24.6,4,9,2,2.75,1.37,4.12,82.52
2026-06-22,H002,Green Valley Medical Center,D07,General Surgery,Surgical,40,25,62.5,13,12,0,0.0,0,0.0,8.32,13.29,3,8,4,0.923,4.37,4.73,65.32
2026-06-29,H003,Sunrise Multi-Specialty Hospital,D03,Cardiology,Specialty,30,17,56.67,3,0,1,33.33,0,0.0,5.26,14.61,4,5,4,3.0,2.22,4.08,65.41
2026-01-07,H001,CityCare General Hospital,D06,Pediatrics,Medical,30,23,76.67,4,9,0,0.0,0,0.0,5.42,24.99,5,8,4,3.0,0.59,3.55,81.41
2026-01-14,H002,Green Valley Medical Center,D02,General Medicine,Medical,50,33,66.0,10,13,0,0.0,0,0.0,2.77,26.77,5,13,4,1.7,2.25,4.13,79.65
2026-01-21,H003,Sunrise Multi-Specialty Hospital,D05,ICU,Critical Care,20,9,45.0,3,1,1,33.33,0,0.0,3.17,18.38,3,5,2,2.333,1.32,3.62,66.42
2026-01-28,H001,CityCare General Hospital,D01,Emergency Department,Emergency,35,23,65.71,7,4,0,0.0,0,0.0,9.2,20.59,5,6,2,1.143,3.64,4.12,66.07
2026-02-04,H002,Green Valley Medical Center,D04,Orthopedics,Specialty,35,19,54.29,10,9,0,0.0,0,0.0,7.65,13.8,7,10,2,1.2,0.0,4.98,70.61
2026-02-11,H003,Sunrise Multi-Specialty Hospital,D07,General Surgery,Surgical,40,24,60.0,3,4,0,0.0,0,0.0,3.59,4.3,4,6,4,3.333,2.85,4.05,75.16
2026-02-18,H001,CityCare General Hospital,D03,Cardiology,Specialty,30,19,63.33,11,11,0,0.0,0,0.0,8.85,29.91,8,6,3,0.818,1.46,4.12,69.34
2026-02-25,H002,Green Valley Medical Center,D06,Pediatrics,Medical,30,26,86.67,6,0,0,0.0,0,0.0,3.26,3.3,2,7,4,1.833,4.86,4.14,81.85
2026-03-04,H003,Sunrise Multi-Specialty Hospital,D02,General Medicine,Medical,50,41,82.0,8,7,1,12.5,0,0.0,2.06,20.93,7,12,6,2.25,2.42,4.07,83.72
2026-03-11,H001,CityCare General Hospital,D05,ICU,Critical Care,20,16,80.0,6,2,0,0.0,1,50.0,2.9,44.31,4,6,2,1.333,1.44,4.51,85.62
2026-03-18,H002,Green Valley Medical Center,D01,Emergency Department,Emergency,35,28,80.0,8,5,1,12.5,0,0.0,4.36,23.59,3,9,2,1.375,0.0,4.3,82.87
2026-03-25,H003,Sunrise Multi-Specialty Hospital,D04,Orthopedics,Specialty,35,21,60.0,7,4,1,14.29,0,0.0,8.26,28.81,5,7,4,1.571,3.67,3.7,62.82
2026-04-01,H001,CityCare General Hospital,D07,General Surgery,Surgical,40,40,100.0,7,4,2,28.57,0,0.0,6.46,20.95,10,9,5,2.0,4.42,3.93,75.91
2026-04-08,H002,Green Valley Medical Center,D03,Cardiology,Specialty,30,13,43.33,3,2,0,0.0,0,0.0,6.5,14.39,6,8,4,4.0,1.9,4.4,65.75
2026-04-15,H003,Sunrise Multi-Specialty Hospital,D06,Pediatrics,Medical,30,19,63.33,7,4,1,14.29,0,0.0,5.29,20.41,6,4,2,0.857,4.26,4.22,68.23
2026-04-22,H001,CityCare General Hospital,D02,General Medicine,Medical,50,28,56.0,8,9,1,12.5,0,0.0,9.39,28.45,6,9,4,1.625,1.16,4.28,63.81
2026-04-29,H002,Green Valley Medical Center,D05,ICU,Critical Care,20,13,65.0,3,3,0,0.0,1,33.33,5.99,29.41,5,6,3,3.0,3.17,4.19,72.2
2026-05-06,H003,Sunrise Multi-Specialty Hospital,D01,Emergency Department,Emergency,35,21,60.0,6,3,0,0.0,0,0.0,4.13,25.12,6,8,4,2.0,2.62,4.25,74.58
2026-05-13,H001,CityCare General Hospital,D04,Orthopedics,Specialty,35,28,80.0,7,10,1,14.29,0,0.0,7.69,15.49,1,10,4,2.0,1.62,3.93,74.09
2026-05-20,H002,Green Valley Medical Center,D07,General Surgery,Surgical,40,27,67.5,7,1,1,14.29,0,0.0,4.84,6.41,4,7,3,1.429,4.46,3.81,70.16
2026-05-27,H003,Sunrise Multi-Specialty Hospital,D03,Cardiology,Specialty,30,22,73.33,5,4,0,0.0,0,0.0,3.3,4.45,5,8,3,2.2,0.0,3.99,84.89
2026-06-03,H001,CityCare General Hospital,D06,Pediatrics,Medical,30,22,73.33,6,4,0,0.0,0,0.0,3.83,4.76,3,9,2,1.833,0.0,3.8,83.96
2026-06-10,H002,Green Valley Medical Center,D02,General Medicine,Medical,50,37,74.0,10,10,1,10.0,0,0.0,7.65,26.31,4,13,6,1.9,3.44,4.21,70.01
2026-06-17,H003,Sunrise Multi-Specialty Hospital,D05,ICU,Critical Care,20,16,80.0,6,5,1,16.67,0,0.0,2.63,5.16,6,4,2,1.0,2.88,4.83,80.46
2026-06-24,H001,CityCare General Hospital,D01,Emergency Department,Emergency,35,25,71.43,11,11,2,18.18,0,0.0,8.09,25.68,7,6,4,0.909,4.0,3.68,65.81
2026-01-02,H002,Green Valley Medical Center,D04,Orthopedics,Specialty,35,29,82.86,6,8,0,0.0,0,0.0,7.97,11.24,2,7,3,1.667,1.18,4.19,78.17
2026-01-09,H003,Sunrise Multi-Specialty Hospital,D07,General Surgery,Surgical,40,22,55.0,7,5,0,0.0,0,0.0,4.36,23.49,3,10,3,1.857,2.55,4.26,72.54
2026-01-16,H001,CityCare General Hospital,D03,Cardiology,Specialty,30,16,53.33,10,10,2,20.0,0,0.0,5.02,7.73,4,6,2,0.8,2.63,3.96,66.67
2026-01-23,H002,Green Valley Medical Center,D06,Pediatrics,Medical,30,17,56.67,4,2,1,25.0,0,0.0,4.75,6.46,4,4,2,1.5,3.6,4.11,65.76
2026-01-30,H003,Sunrise Multi-Specialty Hospital,D02,General Medicine,Medical,50,37,74.0,8,12,0,0.0,0,0.0,7.06,18.87,6,8,6,1.75,1.22,3.89,76.59
2026-02-06,H001,CityCare General Hospital,D05,ICU,Critical Care,20,12,60.0,6,9,1,16.67,2,22.22,5.06,32.16,7,4,3,1.167,3.06,3.7,68.92
2026-02-13,H002,Green Valley Medical Center,D01,Emergency Department,Emergency,35,21,60.0,11,9,0,0.0,0,0.0,8.56,12.74,6,9,2,1.0,2.09,4.6,67.68
2026-02-20,H003,Sunrise Multi-Specialty Hospital,D04,Orthopedics,Specialty,35,31,88.57,6,6,0,0.0,1,16.67,6.39,19.51,4,10,4,2.333,3.94,4.04,78.51
2026-02-27,H001,CityCare General Hospital,D07,General Surgery,Surgical,40,31,77.5,10,10,0,0.0,0,0.0,3.38,29.58,6,8,3,1.1,1.06,4.55,84.51
2026-03-06,H002,Green Valley Medical Center,D03,Cardiology,Specialty,30,22,73.33,4,5,0,0.0,1,20.0,3.29,8.95,4,8,2,2.5,1.65,4.1,82.27
2026-03-13,H003,Sunrise Multi-Specialty Hospital,D06,Pediatrics,Medical,30,17,56.67,10,5,0,0.0,0,0.0,1.81,7.79,6,5,2,0.7,3.35,3.68,76.31
2026-03-20,H001,CityCare General Hospital,D02,General Medicine,Medical,50,30,60.0,10,13,0,0.0,0,0.0,6.62,5.05,6,10,4,1.4,2.95,3.42,69.69
2026-03-27,H002,Green Valley Medical Center,D05,ICU,Critical Care,20,13,65.0,5,5,0,0.0,0,0.0,9.51,47.87,8,2,3,1.0,3.8,3.36,65.03
2026-04-03,H003,Sunrise Multi-Specialty Hospital,D01,Emergency Department,Emergency,35,25,71.43,7,5,1,14.29,1,20.0,2.67,10.99,2,5,2,1.0,4.84,4.19,74.73
2026-04-10,H001,CityCare General Hospital,D04,Orthopedics,Specialty,35,32,91.43,10,11,2,20.0,0,0.0,5.72,5.04,10,7,3,1.0,1.13,4.52,81.18
2026-04-17,H002,Green Valley Medical Center,D07,General Surgery,Surgical,40,28,70.0,9,9,0,0.0,0,0.0,7.72,15.2,6,10,5,1.667,3.51,4.2,70.37
2026-04-24,H003,Sunrise Multi-Specialty Hospital,D03,Cardiology,Specialty,30,20,66.67,3,3,2,66.67,0,0.0,5.94,17.33,3,9,3,4.0,0.11,4.04,64.43
2026-05-01,H001,CityCare General Hospital,D06,Pediatrics,Medical,30,19,63.33,5,3,0,0.0,0,0.0,4.27,24.77,3,6,4,2.0,1.03,3.86,78.04
2026-05-08,H002,Green Valley Medical Center,D02,General Medicine,Medical,50,37,74.0,11,12,2,18.18,0,0.0,6.57,8.98,2,12,6,1.636,2.43,4.89,71.88
2026-05-15,H003,Sunrise Multi-Specialty Hospital,D05,ICU,Critical Care,20,12,60.0,5,4,1,20.0,0,0.0,1.59,31.5,6,5,3,1.6,0.0,3.71,79.22
2026-05-22,H001,CityCare General Hospital,D01,Emergency Department,Emergency,35,30,85.71,10,11,1,10.0,0,0.0,4.76,11.74,6,9,4,1.3,1.68,4.53,81.98
2026-05-29,H002,Green Valley Medical Center,D04,Orthopedics,Specialty,35,24,68.57,5,5,0,0.0,0,0.0,6.49,8.16,4,10,2,2.4,3.63,3.69,71.83
2026-06-05,H003,Sunrise Multi-Specialty Hospital,D07,General Surgery,Surgical,40,31,77.5,6,4,0,0.0,0,0.0,2.17,25.84,5,11,5,2.667,1.54,4.2,85.86
2026-06-12,H001,CityCare General Hospital,D03,Cardiology,Specialty,30,14,46.67,7,6,0,0.0,0,0.0,7.61,22.27,1,7,3,1.429,1.1,3.74,66.26
2026-06-19,H002,Green Valley Medical Center,D06,Pediatrics,Medical,30,17,56.67,4,6,0,0.0,0,0.0,4.71,28.11,5,6,4,2.5,2.04,4.49,73.33
2026-06-26,H003,Sunrise Multi-Specialty Hospital,D02,General Medicine,Medical,50,40,80.0,9,5,2,22.22,0,0.0,2.56,7.25,5,12,4,1.778,3.97,3.35,77.72
2026-01-04,H001,CityCare General Hospital,D05,ICU,Critical Care,20,11,55.0,4,3,0,0.0,0,0.0,6.27,23.7,5,4,1,1.25,2.17,3.97,69.81
2026-01-11,H002,Green Valley Medical Center,D01,Emergency Department,Emergency,35,28,80.0,7,3,0,0.0,0,0.0,7.44,4.8,3,5,3,1.143,2.79,4.18,75.52
2026-01-18,H003,Sunrise Multi-Specialty Hospital,D04,Orthopedics,Specialty,35,24,68.57,7,5,0,0.0,0,0.0,7.84,12.72,4,6,3,1.286,4.53,3.78,68.03
2026-01-25,H001,CityCare General Hospital,D07,General Surgery,Surgical,40,16,40.0,6,8,0,0.0,0,0.0,4.92,29.47,6,8,4,2.0,1.41,3.54,68.13
2026-02-01,H002,Green Valley Medical Center,D03,Cardiology,Specialty,30,18,60.0,7,7,0,0.0,0,0.0,4.49,20.29,1,8,2,1.429,0.0,3.74,78.14
2026-02-08,H003,Sunrise Multi-Specialty Hospital,D06,Pediatrics,Medical,30,18,60.0,4,2,0,0.0,0,0.0,7.93,11.65,10,8,3,2.75,1.65,3.92,69.48
2026-02-15,H001,CityCare General Hospital,D02,General Medicine,Medical,50,37,74.0,8,5,0,0.0,0,0.0,8.57,11.0,10,8,5,1.625,0.0,4.21,75.9
2026-02-22,H002,Green Valley Medical Center,D05,ICU,Critical Care,20,9,45.0,3,4,0,0.0,1,25.0,11.17,24.86,1,3,2,1.667,0.17,4.31,60.93
2026-03-01,H003,Sunrise Multi-Specialty Hospital,D01,Emergency Department,Emergency,35,25,71.43,11,11,0,0.0,1,9.09,5.42,17.67,6,5,2,0.636,1.77,4.19,77.68
2026-03-08,H001,CityCare General Hospital,D04,Orthopedics,Specialty,35,16,45.71,8,8,0,0.0,0,0.0,2.96,16.17,4,9,2,1.375,2.75,3.97,71.42
2026-03-15,H002,Green Valley Medical Center,D07,General Surgery,Surgical,40,31,77.5,6,5,1,16.67,0,0.0,6.69,29.79,9,7,4,1.833,0.62,4.3,76.09
